sample_index,subject_id,activity,label_id,predicted_label_id,predicted_activity,top_probability,prob_WALKING,prob_WALKING_UPSTAIRS,prob_WALKING_DOWNSTAIRS,prob_SITTING,prob_STANDING,prob_LAYING,true_activity,second_probability,second_activity,body_acc_x_mean,body_acc_x_std,body_acc_x_rms,body_acc_y_mean,body_acc_y_std,body_acc_y_rms,body_acc_z_mean,body_acc_z_std,body_acc_z_rms,body_gyro_x_mean,body_gyro_x_std,body_gyro_x_rms,body_gyro_y_mean,body_gyro_y_std,body_gyro_y_rms,body_gyro_z_mean,body_gyro_z_std,body_gyro_z_rms
7352,2,STANDING,5,6,LAYING,0.5833333333333334,0.0,0.0,0.0,0.07333333333333333,0.3433333333333333,0.5833333333333334,STANDING,0.3433333333333333,STANDING,-0.0042036319577343,0.021347416867432,0.0217573603304262,-0.0032242204892968,0.01532422783965,0.0156597431857967,0.0309376655234375,0.0625430126429307,0.0697765546476313,0.1522797131640625,0.1031006604247255,0.1838990408385637,-0.0078798926593749,0.1421823349947807,0.1424005234993583,0.045717674984375,0.0306970141356892,0.0550673449770701
7353,2,STANDING,5,6,LAYING,0.5966666666666667,0.0,0.0,0.0,0.24666666666666667,0.15666666666666668,0.5966666666666667,STANDING,0.24666666666666667,SITTING,0.0017415776001562,0.0093696079869757,0.0095300916242692,0.0020848309896093,0.0072641846704151,0.0075574399885894,-0.003559378834375,0.0128739004006001,0.0133568892041212,0.02694132325,0.0662558211273248,0.0715239032192528,-0.05099703183125,0.0556853344544914,0.075508633472644,0.04176830421875,0.0178196329848821,0.0454106876960253
7360,2,STANDING,5,4,SITTING,0.6266666666666667,0.0,0.0,0.0,0.6266666666666667,0.3466666666666667,0.02666666666666667,STANDING,0.3466666666666667,STANDING,-0.0010400954198437,0.0024537909488201,0.0026651244816877,-0.0020014669226562,0.0058265995779178,0.006160773691987,-0.0020364993186718,0.0054150095236872,0.0057852966748969,0.003414334553125,0.0044804907816814,0.0056331588017199,0.003451299612625,0.0055862904767433,0.0065664381750427,-0.0041162193965625,0.0055664236143729,0.0069230292484783
7366,2,STANDING,5,4,SITTING,0.61,0.0,0.0,0.0,0.61,0.36333333333333334,0.02666666666666667,STANDING,0.36333333333333334,STANDING,-0.0004114439443406,0.0026866247655696,0.0027179475253041,-0.0009432158889843,0.0071335694941482,0.0071956563245526,0.0036000054139843,0.0064720754513521,0.0074059300313135,0.0013514832859375,0.0081583768916598,0.0082695598781639,0.0044048825773437,0.0109529355711816,0.0118054982167904,-0.0057021252113281,0.0093295020166906,0.0109340678525925
7369,2,STANDING,5,4,SITTING,0.4166666666666667,0.0,0.0,0.0,0.4166666666666667,0.39,0.19333333333333333,STANDING,0.39,STANDING,-0.0031422181416406,0.0064095416705859,0.0071383302863227,-0.0032094419503906,0.0164661742311721,0.016776036821736,-0.0056875724498437,0.0186572818097391,0.01950493898735,0.0222420888359375,0.0132420165842771,0.0258855465270487,-0.0041973614242187,0.0104167660468039,0.0112306214342469,-0.022969530067164,0.015540234534656,0.0277326197986859
7373,2,STANDING,5,4,SITTING,0.6833333333333333,0.0,0.0,0.0,0.6833333333333333,0.26,0.056666666666666664,STANDING,0.26,STANDING,-0.0012853123554687,0.0140568228966086,0.0141154630741517,-0.0067221059851562,0.0178861253994394,0.0191075951045689,-0.0033984409075781,0.0260739683846048,0.0262945094634539,-0.0038158814453125,0.0440819797188484,0.0442468291195837,0.009204737359375,0.0702950023548201,0.0708950953587005,-0.005807258453125,0.0426281601830577,0.043021904785049
7374,2,STANDING,5,4,SITTING,0.58,0.0,0.0,0.0,0.58,0.36666666666666664,0.05333333333333334,STANDING,0.36666666666666664,STANDING,0.0044701099015625,0.0179977514346081,0.0185445662994308,0.0151776568398437,0.0282408806429542,0.0320610138117565,0.0253220379679687,0.0243837081410766,0.035153532248701,-0.0083544721445312,0.0445970848387288,0.0453728683347937,0.0287685704140624,0.1118617789729836,0.1155018971215171,-0.0211590412656249,0.1243366351065085,0.126124160480415
7375,2,STANDING,5,4,SITTING,0.74,0.0,0.0,0.0,0.74,0.22,0.04,STANDING,0.22,STANDING,0.003363594159375,0.0135772632776893,0.0139877033061426,0.0148379781774999,0.0249810213669317,0.0290554130056873,0.0128920128542187,0.0281004031255738,0.0309166080166163,-0.0043921925375,0.0411481244651177,0.0413818740789163,-0.0029525745578125,0.0982401395135862,0.0982844988193374,-0.0081632193945312,0.1206412906560083,0.1209171582614755
7379,2,STANDING,5,4,SITTING,0.6333333333333333,0.0,0.0,0.0,0.6333333333333333,0.31333333333333335,0.05333333333333334,STANDING,0.31333333333333335,STANDING,0.0005345229045312,0.0034867614954231,0.0035274949272016,0.001455899640625,0.0065077833625052,0.0066686496426842,0.0025886092860156,0.0069657651393361,0.0074312032681146,0.0047249337624999,0.0114745149810226,0.0124092503040967,0.0035540980791406,0.0120023165749777,0.012517476435853,-0.0024235863954687,0.0120273156652719,0.0122690705894292
7381,2,STANDING,5,4,SITTING,0.5,0.0,0.0,0.0,0.5,0.2966666666666667,0.20333333333333334,STANDING,0.2966666666666667,STANDING,0.0022254511305468,0.0035683062413496,0.0042054063021909,0.004505824778125,0.0081972619415456,0.0093540130569439,0.0004125553624999,0.0057918883364964,0.0058065628757097,0.0004392630619531,0.0075467468092519,0.0075595197890177,0.0019400406905468,0.0077793561335358,0.0080176143417701,-0.0063039577710937,0.0086486799582101,0.0107023151046527
7384,2,SITTING,4,5,STANDING,0.53,0.0,0.0,0.0,0.4533333333333333,0.53,0.016666666666666666,SITTING,0.4533333333333333,SITTING,-7.013929046875e-05,0.0025811886796595,0.0025821414601199,-0.0044787349625,0.0097775034807554,0.0107544707531567,-0.0033440632216406,0.0092102817022117,0.0097985737668512,-0.0116973114507109,0.0117344780118315,0.016568798067002,0.0064728888234375,0.009306288961727,0.0113360179939758,0.0174412207148437,0.0121173953291375,0.0212374068470352
7392,2,SITTING,4,5,STANDING,0.4866666666666667,0.0,0.0,0.0,0.48333333333333334,0.4866666666666667,0.03,SITTING,0.48333333333333334,SITTING,0.0001337030623437,0.0019871440786317,0.0019916370397543,0.0005016525499218,0.0033539454538898,0.0033912542500542,0.0002431421559374,0.0049416366197896,0.0049476146363717,-0.0002382832105468,0.005178123642288,0.0051836033165405,-0.0004417076945312,0.0084540139096861,0.0084655452791048,-0.0009833867757812,0.006945522144569,0.0070147934689113
7394,2,SITTING,4,5,STANDING,0.5533333333333333,0.0,0.0,0.0,0.42,0.5533333333333333,0.02666666666666667,SITTING,0.42,SITTING,-0.000376926036289,0.0027676045739057,0.0027931538293363,0.0009179406149218,0.0047080886915126,0.0047967399449702,0.0010735954754765,0.0062538518189429,0.0063453344922281,-0.00067780150625,0.0094633712823115,0.0094876135518239,-0.0001159285903124,0.0124613112678891,0.0124618505027653,-0.000270283953125,0.0132919073658707,0.0132946551229509
7399,2,SITTING,4,5,STANDING,0.6133333333333333,0.0,0.0,0.0,0.14666666666666667,0.6133333333333333,0.24,SITTING,0.24,LAYING,-6.9007799296875e-05,0.0029897701237662,0.0029905664127935,-0.0002808952413281,0.003921214432031,0.0039312624891464,-0.0039925379984375,0.0049770416447916,0.0063805409804308,-0.0017329579523437,0.0161185419781265,0.0162114323477359,-0.0012586368960937,0.0101604944307182,0.0102381548099677,0.0015367448288281,0.013007861827875,0.0130983225644361
7412,2,LAYING,6,4,SITTING,0.81,0.0,0.0,0.0,0.81,0.013333333333333334,0.17666666666666667,LAYING,0.17666666666666667,LAYING,0.000230740961875,0.002232332958576,0.0022442263320422,-0.000263492445625,0.0019896050465376,0.0020069769580415,0.0010535324202343,0.0042066312535695,0.004336551286909,-0.0008768615713281,0.0028961755924407,0.0030260071509369,0.0075059660425781,0.0041622821992372,0.0085827803967259,-0.0054690704023437,0.0044465836055827,0.0070486053107851
7415,2,LAYING,6,4,SITTING,0.4633333333333333,0.0,0.0,0.0,0.4633333333333333,0.07666666666666666,0.46,LAYING,0.46,LAYING,0.0027447537901562,0.0048753953281926,0.0055949220704796,0.0023527956767578,0.0032681064532308,0.0040269302559417,-0.0016015317307031,0.0045867308969357,0.0048582923136997,0.0003982447796874,0.0051767900463655,0.0051920857166169,0.0010153028169843,0.0037861981889624,0.0039199663947895,-0.0013937707101562,0.009813369395041,0.0099118522827984
7417,2,LAYING,6,4,SITTING,0.5133333333333333,0.0,0.0,0.0,0.5133333333333333,0.15,0.33666666666666667,LAYING,0.33666666666666667,LAYING,0.0031814900507812,0.0066843179189668,0.0074028362797674,0.0005558653415624,0.0059281577828635,0.0059541616518596,-0.0006194993510156,0.0062119837994858,0.0062427976237407,0.0040739515486398,0.0085984191621809,0.0095147198229493,0.0005296773656249,0.0052494157210302,0.0052760708414363,0.0060167348015625,0.0110163473853622,0.0125523307551749
7431,2,WALKING,1,2,WALKING_UPSTAIRS,0.5633333333333334,0.34,0.5633333333333334,0.09666666666666666,0.0,0.0,0.0,WALKING,0.34,WALKING,-0.0151702913101562,0.1743926942295774,0.1750512768850484,-0.0079759345679687,0.141125289144338,0.141350496172831,0.0037746052234374,0.1006223617882854,0.1006931345050168,-0.2585171076953125,0.3359158042186755,0.4238755978999373,0.1393721040070312,0.3503911265963658,0.3770921969131914,-0.0020299528515625,0.2433379263128543,0.2433463932151444
7446,2,WALKING,1,2,WALKING_UPSTAIRS,0.8033333333333333,0.16666666666666666,0.8033333333333333,0.03,0.0,0.0,0.0,WALKING,0.16666666666666666,WALKING,0.0041511841484375,0.1880572890005281,0.1881031001234759,-0.001994111265625,0.1391171781379769,0.1391314692397564,-0.0020085435546875,0.110209710173335,0.1102280112480561,-0.3360890330703125,0.3531630500821588,0.4875243358987026,0.1534729231328125,0.3512500900609916,0.3833152278514186,-0.0172294137421875,0.2136332626865402,0.2143269083059703
7447,2,WALKING,1,2,WALKING_UPSTAIRS,0.6966666666666667,0.26666666666666666,0.6966666666666667,0.03666666666666667,0.0,0.0,0.0,WALKING,0.26666666666666666,WALKING,0.0114515991015625,0.2074875451021216,0.2078033216637497,-0.01379928428125,0.1554999094704336,0.1561109928608097,-0.0059103684375,0.1122165758651709,0.1123721155535067,-0.18428636515625,0.3492766230658237,0.3949121722646292,0.0732234629999999,0.360065678534805,0.3674356656510659,-0.0224052178265625,0.2393314217510102,0.2403778759021213
7461,2,WALKING_DOWNSTAIRS,3,2,WALKING_UPSTAIRS,0.55,0.31,0.55,0.13666666666666666,0.0,0.0,0.0033333333333333335,WALKING_DOWNSTAIRS,0.31,WALKING,0.0237378763640625,0.2770101801047307,0.2780254064935988,-0.0220482800078125,0.1802231751063633,0.1815668458081535,-0.0008657138742187,0.1290618992180947,0.1290648026779325,-0.1123162574296874,0.2892410844669262,0.3102826882483381,0.0141844232890625,0.2910262258114741,0.2913716904129748,-0.0193277849828125,0.2829214746641867,0.2835808951578012
7462,2,WALKING_DOWNSTAIRS,3,1,WALKING,0.49666666666666665,0.49666666666666665,0.3233333333333333,0.18,0.0,0.0,0.0,WALKING_DOWNSTAIRS,0.3233333333333333,WALKING_UPSTAIRS,0.0114687378515624,0.2913398712126077,0.2915655200912597,-0.004093984125,0.1695102267479079,0.1695596581682769,-0.0167189933429687,0.1230844850246376,0.1242147945785142,-0.0474856799609375,0.2724649765610706,0.2765719675848898,0.0084303053125,0.3204297144495876,0.3205405932949931,-0.0081871841703124,0.278474673139043,0.2785949991735951
7463,2,WALKING_DOWNSTAIRS,3,2,WALKING_UPSTAIRS,0.6033333333333334,0.19,0.6033333333333334,0.20333333333333334,0.0,0.0,0.0033333333333333335,WALKING_DOWNSTAIRS,0.20333333333333334,WALKING_DOWNSTAIRS,0.007950144390625,0.2759709988057867,0.2760854885315331,0.009659174171875,0.1916746951009436,0.1919179209655063,0.014156735453125,0.1545682141886379,0.1552151603296354,-0.2859088300390625,0.5317943521864187,0.6037790093334466,0.1318321722835937,0.3043354273414326,0.3316621383035807,-0.0364681732578125,0.3145967194714632,0.3167033684111496
7464,2,WALKING_DOWNSTAIRS,3,2,WALKING_UPSTAIRS,0.55,0.2966666666666667,0.55,0.15,0.0,0.0,0.0033333333333333335,WALKING_DOWNSTAIRS,0.2966666666666667,WALKING,-0.0255364380078125,0.255697017337408,0.2569690143604353,0.0037032887265624,0.1943845933539412,0.1944198664765753,0.0212781590390624,0.1463418723165834,0.1478807074814522,-0.3908613341328125,0.4812588928669414,0.6199860518460042,0.1335914921820312,0.3037025281155507,0.3317859435949609,-0.0113629661328125,0.3081797601718199,0.3083891722789499
7465,2,WALKING_DOWNSTAIRS,3,1,WALKING,0.59,0.59,0.34,0.06333333333333334,0.0,0.0,0.006666666666666667,WALKING_DOWNSTAIRS,0.34,WALKING_UPSTAIRS,-0.042564012796875,0.2559733627939323,0.2594880684066352,0.00077731328125,0.183102749866661,0.183104399796046,0.0046393665859375,0.1141440764905575,0.1142383207168284,0.0500647818046875,0.4283008309367022,0.4312169803686081,-0.055832547109375,0.3299182639773416,0.3346092261467747,0.0185693833828125,0.2948417591715822,0.2954259381818244
7466,2,WALKING_DOWNSTAIRS,3,1,WALKING,0.41333333333333333,0.41333333333333333,0.35333333333333333,0.23333333333333334,0.0,0.0,0.0,WALKING_DOWNSTAIRS,0.35333333333333333,WALKING_UPSTAIRS,0.0114305878875,0.2926427979490069,0.292865951470766,0.0036430439218749,0.2117526846756992,0.2117840202573905,-0.0045249601562499,0.1331880600614346,0.133264903884496,-0.0695908639843749,0.6396665217904881,0.6434408655421512,0.0641861510390625,0.4196626683261231,0.4245428331414994,-0.0078078287656249,0.3100544603399217,0.3101527536016945
7467,2,WALKING_DOWNSTAIRS,3,2,WALKING_UPSTAIRS,0.4633333333333333,0.22,0.4633333333333333,0.31666666666666665,0.0,0.0,0.0,WALKING_DOWNSTAIRS,0.31666666666666665,WALKING_DOWNSTAIRS,-0.0003659619874999,0.3133602841931339,0.3133604978898552,0.0099526466328125,0.2203581446675589,0.2205827896648478,-0.0092429831171874,0.1567496495335342,0.1570219263854269,-0.1386889498125,0.6474380608534349,0.6621258697874222,0.0424020330390625,0.4689235658760196,0.4708367477584214,-0.0071195624999999,0.3239610408108878,0.3240392632590457
7468,2,WALKING_DOWNSTAIRS,3,2,WALKING_UPSTAIRS,0.7933333333333333,0.11,0.7933333333333333,0.09666666666666666,0.0,0.0,0.0,WALKING_DOWNSTAIRS,0.11,WALKING,-0.001275545059375,0.3194851167599433,0.3194876630580798,-0.0132939173125,0.2169560062370648,0.2173629151438877,-0.00657493140625,0.1663012191759326,0.1664311425857507,0.3542753731406249,0.4373778814042822,0.5628591752433529,-0.157021466421875,0.4031288901484104,0.4326299145800775,0.0115772524765625,0.3413875177957358,0.3415837672982132
7469,2,WALKING_DOWNSTAIRS,3,2,WALKING_UPSTAIRS,0.73,0.09666666666666666,0.73,0.17333333333333334,0.0,0.0,0.0,WALKING_DOWNSTAIRS,0.17333333333333334,WALKING_DOWNSTAIRS,0.0305973089718749,0.3001779184947812,0.3017332896254238,-0.021755194375,0.200224770788006,0.2014031959016628,-0.0028941961406249,0.1581914923168578,0.1582179655182524,0.3762212196015624,0.335441691230088,0.5040471548315582,-0.100189951875,0.3887800759081319,0.4014822211254785,0.0076329675546875,0.3400263911711886,0.340112053427386
7470,2,WALKING_DOWNSTAIRS,3,2,WALKING_UPSTAIRS,0.5966666666666667,0.19666666666666666,0.5966666666666667,0.20666666666666667,0.0,0.0,0.0,WALKING_DOWNSTAIRS,0.20666666666666667,WALKING_DOWNSTAIRS,0.0016584422656249,0.2929036267603844,0.2929083218348959,0.0058230235703125,0.1855279254218238,0.1856192843290433,-0.0296611632975781,0.1725152074171801,0.1750465120999509,-0.2289118075078124,0.3463133133127196,0.4151307343405541,0.0518470890625,0.3829991659804028,0.3864925378140424,0.0713995988046875,0.2817144346295546,0.2906216189276357
7474,2,WALKING_DOWNSTAIRS,3,2,WALKING_UPSTAIRS,0.45666666666666667,0.2966666666666667,0.45666666666666667,0.24666666666666667,0.0,0.0,0.0,WALKING_DOWNSTAIRS,0.2966666666666667,WALKING,-0.0088071855390624,0.3151976148186754,0.3153206350756346,0.0132383138203124,0.2051749923739377,0.2056016304615565,-0.0108270765734374,0.190118046005466,0.1904260932857248,-0.0605491860234374,0.7720741766892525,0.7744447935382405,-0.0364009975625,0.4387031725385003,0.440210752048255,0.045720318203125,0.3444748267147695,0.3474956888031353
7475,2,WALKING_DOWNSTAIRS,3,2,WALKING_UPSTAIRS,0.38666666666666666,0.35,0.38666666666666666,0.2633333333333333,0.0,0.0,0.0,WALKING_DOWNSTAIRS,0.35,WALKING,-0.0081141811796874,0.2955174843997181,0.2956288611116215,0.0075767301046874,0.2070167422722724,0.2071553485191819,-0.004355554384375,0.2010799958924193,0.2011271627654768,-0.0468531151796875,0.7546478492972818,0.756100913139942,0.0444644242343749,0.4720427069913435,0.4741322623975401,0.037186333284375,0.3385840137768071,0.3406199609070933
7476,2,WALKING_DOWNSTAIRS,3,2,WALKING_UPSTAIRS,0.5433333333333333,0.043333333333333335,0.5433333333333333,0.41,0.0,0.0,0.0033333333333333335,WALKING_DOWNSTAIRS,0.41,WALKING_DOWNSTAIRS,0.000239234203125,0.347191507023742,0.347191589446549,-0.0163338372,0.2115126889024912,0.2121424328238887,-0.0041679857796875,0.1989934036068511,0.199037048773586,0.434652952625,0.4711845077361469,0.6410444832897212,-0.0811617615859374,0.4334435695429418,0.4409768242457414,-0.1012181608406249,0.2954201768505273,0.3122790370395609
7481,2,WALKING_DOWNSTAIRS,3,1,WALKING,0.4,0.4,0.31666666666666665,0.2833333333333333,0.0,0.0,0.0,WALKING_DOWNSTAIRS,0.31666666666666665,WALKING_UPSTAIRS,0.0013934739843749,0.3265907401479492,0.3265937129219275,0.016238638578125,0.2206841850269693,0.2212808236243904,0.0167728921203906,0.2151940237718969,0.2158466997135281,-0.0178266492421875,0.5544933099859157,0.5547797943710105,0.042767490546875,0.4635801098161795,0.4655486832382389,0.0243368693281249,0.380335760753788,0.3811135973917185
7483,2,WALKING_DOWNSTAIRS,3,2,WALKING_UPSTAIRS,0.45666666666666667,0.18666666666666668,0.45666666666666667,0.3566666666666667,0.0,0.0,0.0,WALKING_DOWNSTAIRS,0.3566666666666667,WALKING_DOWNSTAIRS,-0.0205896243984374,0.3516583483887271,0.3522605947652336,-0.0278896106976562,0.1850119925863293,0.1871022923045861,-0.0092497431953125,0.2416189802152051,0.2417959663629957,0.1878832605468749,0.7792795859395085,0.8016088776053921,-0.1371441384375,0.4499875458045717,0.4704224761711388,-0.139740465546875,0.3955655534426865,0.4195229490524639
7484,2,WALKING_DOWNSTAIRS,3,2,WALKING_UPSTAIRS,0.7333333333333333,0.04666666666666667,0.7333333333333333,0.21666666666666667,0.0,0.0,0.0033333333333333335,WALKING_DOWNSTAIRS,0.21666666666666667,WALKING_DOWNSTAIRS,-0.0148025237890624,0.329033914587679,0.3293667130409777,0.0062734555148437,0.2064806593240927,0.2065759398357145,0.000932790296875,0.2246063701048219,0.2246083070356085,0.4809482049218749,0.5194283998524141,0.707896205944638,-0.1589085360078125,0.4357272365072762,0.463799684616553,-0.2062225447578125,0.3019657891938528,0.3656652510286619
7510,2,STANDING,5,6,LAYING,0.53,0.0033333333333333335,0.0,0.0,0.06333333333333334,0.4033333333333333,0.53,STANDING,0.4033333333333333,STANDING,-0.0121100040484375,0.0173762902144936,0.0211798880939319,-0.0199264215875,0.022763668996647,0.0302530478377253,0.030578511175,0.0679871681971116,0.0745473030038106,0.1181863904453125,0.1213804534982181,0.1694143954270856,-0.0084216459046875,0.0639084330945515,0.0644609334430141,-0.004405964178125,0.0488345498607519,0.0490329050785407
7513,2,STANDING,5,4,SITTING,0.5366666666666666,0.0,0.0,0.0,0.5366666666666666,0.45666666666666667,0.006666666666666667,STANDING,0.45666666666666667,STANDING,-0.0009983267275781,0.0026451618348357,0.0028272844546434,-0.0058417233760937,0.00768208348324,0.0096509138762227,-0.006199655490625,0.0148323347230978,0.0160758788730336,-0.0088884088613281,0.0103531631850762,0.0136452116151767,-0.0079543869326562,0.0204163148603895,0.0219111429175425,0.0180353101265625,0.0163092792750824,0.024315941310875
7514,2,STANDING,5,4,SITTING,0.8133333333333334,0.0,0.0,0.0,0.8133333333333334,0.13333333333333333,0.05333333333333334,STANDING,0.13333333333333333,STANDING,-0.0003575224922656,0.0031409340453269,0.0031612163813269,-0.0006638609292187,0.0050722740638517,0.005115532769142,0.0018119530169531,0.0088864160497513,0.0090692647962733,-0.0071484837691406,0.0078166519140109,0.0105924910829548,0.006306683284375,0.020926989081223,0.0218566494700135,0.0023212150304687,0.0157031507203894,0.0158737828435738
7515,2,STANDING,5,4,SITTING,0.5466666666666666,0.0,0.0,0.0,0.5466666666666666,0.42333333333333334,0.03,STANDING,0.42333333333333334,STANDING,0.0002125473946093,0.0034171251718376,0.0034237290831725,0.0037220913804687,0.0059898455044108,0.0070521070192723,0.0065729484372656,0.0105122603462678,0.0123980348743931,-0.0054010950070312,0.0137876253992091,0.0148077831367121,0.0116151280278125,0.0173695902203123,0.0208953072129616,-0.0049279885929687,0.0132791972202517,0.0141641148818686
7525,2,STANDING,5,4,SITTING,0.7066666666666667,0.0,0.0,0.0,0.7066666666666667,0.2866666666666667,0.006666666666666667,STANDING,0.2866666666666667,STANDING,-3.5605196484374976e-05,0.0026078741179456,0.0026081171647507,-4.0473003906250015e-05,0.0047577927486185,0.0047579648908806,-0.0017300031411718,0.0071785895085736,0.0073841084906079,6.722999960937501e-05,0.0071030072293399,0.0071033253883588,-0.0056886575197187,0.0106683674209202,0.0120902807165262,0.006423063189375,0.0067130474218202,0.0092908958891116
7526,2,STANDING,5,4,SITTING,0.7966666666666666,0.0,0.0,0.0,0.7966666666666666,0.12666666666666668,0.07666666666666666,STANDING,0.12666666666666668,STANDING,7.119013398437495e-05,0.0028314765226654,0.0028323713269242,0.000102954651875,0.0032364167171739,0.0032380538642131,-0.0038228095732031,0.0054949670607289,0.0066939178387152,0.0018674919760156,0.0051810325124485,0.0055073245932605,-0.0014445688962812,0.0083065810836469,0.0084312554578368,0.0037025227345234,0.0061875078045215,0.0072106814817101
7527,2,STANDING,5,6,LAYING,0.37333333333333335,0.0,0.0,0.0,0.2733333333333333,0.35333333333333333,0.37333333333333335,STANDING,0.35333333333333333,STANDING,-0.0001093873180468,0.0031601567188189,0.0031620493469972,0.0001982693107812,0.0035795503339903,0.0035850371425088,-0.0002920920070312,0.0053526021393954,0.0053605659592278,-0.0033688237004843,0.0109954984616305,0.0114999982410722,0.0034088044022656,0.015192079046309,0.015569817378576,0.0019405063746015,0.0058952823213367,0.006206441705046
7530,2,STANDING,5,6,LAYING,0.5966666666666667,0.0,0.0,0.0,0.1,0.30333333333333334,0.5966666666666667,STANDING,0.30333333333333334,STANDING,0.00100590545375,0.0033697836681382,0.0035167154778194,0.00149760474375,0.0064866710756142,0.0066573058823906,-0.0016934124661718,0.0052592705653392,0.0055251762560148,0.0019425568077343,0.0123246256565852,0.0124767754057783,-0.0016692710973359,0.0082149127528977,0.0083827953293708,-0.0049133780875,0.0063654911065255,0.0080411915322283
7540,2,SITTING,4,6,LAYING,0.36,0.0,0.0,0.0,0.30666666666666664,0.3333333333333333,0.36,SITTING,0.3333333333333333,STANDING,-0.000480174704375,0.0023201185586639,0.0023692863636501,7.181688656250005e-05,0.0028095918953517,0.0028105096127964,0.000198424066875,0.0041983307396241,0.0042030171436229,-0.0017694637963281,0.0046544692314345,0.0049794664325495,0.0014315771003906,0.0041445737957962,0.0043848494778228,-0.0023671774661718,0.0035568953886902,0.0042725910127741
7542,2,SITTING,4,6,LAYING,0.52,0.0,0.0,0.0,0.37,0.11,0.52,SITTING,0.37,SITTING,-0.0024477838084375,0.003611584496539,0.0043629334338825,0.0001506550153281,0.003547111406696,0.0035503093196448,0.00588938260875,0.0065476454691046,0.0088066161890554,-0.0021557445157812,0.0068791150855045,0.0072089845870924,0.0037659005382812,0.0242764112359125,0.0245667692088187,-0.0014341815128906,0.0063981565231434,0.0065569263764785
7572,2,LAYING,6,4,SITTING,0.45,0.0,0.0,0.0,0.45,0.10666666666666667,0.44333333333333336,LAYING,0.44333333333333336,LAYING,-0.0001528571082031,0.0029264872822588,0.002930476600956,0.0005777883132812,0.0033787127140538,0.0034277600468926,0.0003409751085156,0.0034256277006683,0.0034425556158489,-0.002244410411539,0.0046034194571311,0.005121410820635,0.0018856190078906,0.0091504648100768,0.0093427279358532,-0.0074598763608593,0.0096241981027245,0.0121768199641693
7573,2,LAYING,6,4,SITTING,0.4,0.0,0.0,0.0,0.4,0.37,0.23,LAYING,0.37,STANDING,-0.00142371300475,0.0024785400684688,0.0028583421052945,-0.000574835255125,0.0034682571840553,0.0035155715702124,-0.0007262689793281,0.004076491661119,0.0041406824188178,-0.0018281633081796,0.0054265095014167,0.0057261842836517,0.0048296278973437,0.0089632479134995,0.0101816068862264,-0.0003999872397656,0.0058359508101135,0.0058496420104174
7574,2,LAYING,6,4,SITTING,0.4766666666666667,0.0,0.0,0.0,0.4766666666666667,0.22666666666666666,0.2966666666666667,LAYING,0.2966666666666667,LAYING,-0.0008893024820937,0.0029211768040198,0.0030535443053936,0.0003367504440937,0.0039741029506579,0.0039883449103639,-0.0021099090222187,0.0046669558872573,0.0051217373356749,0.0006062735389843,0.0059001609089261,0.0059312280646838,-0.0024314243924999,0.0092489429921049,0.0095631987874168,-0.0033845072429687,0.0055187820599872,0.0064739357969742
7575,2,LAYING,6,4,SITTING,0.6933333333333334,0.0,0.0,0.0,0.6933333333333334,0.043333333333333335,0.2633333333333333,LAYING,0.2633333333333333,LAYING,-0.0007394661367187,0.003201104780089,0.0032854043861391,0.0017463944009375,0.0032412549154194,0.0036817966850922,-0.0006969540923437,0.0046544672148307,0.0047063584713416,0.0003996761434375,0.0053160994582731,0.0053311025566842,0.0016863532554687,0.0100113258457561,0.0101523609319278,0.0025244860656249,0.0091460623016675,0.0094880706954322
7576,2,LAYING,6,4,SITTING,0.7766666666666666,0.0,0.0,0.0,0.7766666666666666,0.07666666666666666,0.14666666666666667,LAYING,0.14666666666666667,LAYING,-0.0003538774249218,0.0026995407706823,0.0027226365171366,-0.00075287871625,0.0032650340866683,0.0033507124538653,0.0014838329232812,0.0042446007736486,0.004496487059013,-0.0007910682635937,0.0042604089270399,0.004333228960402,0.0022146134832031,0.0101012434018987,0.0103411619823107,0.00462154566875,0.0078402916685661,0.0091010360847834
7577,2,LAYING,6,4,SITTING,0.8633333333333333,0.0,0.0,0.0,0.8633333333333333,0.04666666666666667,0.09,LAYING,0.09,LAYING,-8.811875507812501e-05,0.0027197559196015,0.0027211830473534,-0.0002494145925781,0.003822677259809,0.0038308052771776,0.0002984500675781,0.0045281480733747,0.004537972831259,0.0007631736215625,0.0045803511156178,0.0046434954849758,-0.0022896292011718,0.0084126486384517,0.0087186615367786,-0.000812784846875,0.0069763143258507,0.0070235020310653
7578,2,LAYING,6,4,SITTING,0.72,0.0,0.0,0.0,0.72,0.006666666666666667,0.2733333333333333,LAYING,0.2733333333333333,LAYING,-0.0006210191552343,0.0035799836180928,0.0036334484304832,0.0007251524954687,0.0034973068555289,0.003571694469494,-0.0006822507175781,0.0042392328972792,0.0042937817363031,0.0002442749879687,0.004105081804471,0.0041123432360573,-0.00553162465625,0.0325717033666343,0.0330380800220238,-0.0006695723607812,0.0099070889454862,0.0099296897494382
7579,2,WALKING,1,2,WALKING_UPSTAIRS,0.5166666666666667,0.3,0.5166666666666667,0.17333333333333334,0.006666666666666667,0.0033333333333333335,0.0,WALKING,0.3,WALKING,-0.0059703377226562,0.1845344695063424,0.1846310249348949,-0.0362046179296875,0.1497868006414895,0.1541001622512059,0.0116586439770312,0.1045864699174767,0.1052342799147808,-0.3760777818515625,0.3918541159755092,0.5431244297666413,0.1807404724140625,0.3367597240106102,0.3821965856521495,-0.048598812296875,0.2339291453796729,0.2389240247750967
7613,2,WALKING_DOWNSTAIRS,3,2,WALKING_UPSTAIRS,0.5766666666666667,0.30666666666666664,0.5766666666666667,0.11666666666666667,0.0,0.0,0.0,WALKING_DOWNSTAIRS,0.30666666666666664,WALKING,0.0107178939875,0.3023126773969375,0.3025026085283102,0.0125134738515624,0.2149803500744693,0.215344231280931,-0.0130271004561718,0.1057640917682208,0.1065633541788725,-0.0843870790703125,0.5805690138479477,0.586669889251526,0.0122074309335937,0.489858693595683,0.4900107764746279,-0.0095509543984374,0.3598658507793303,0.3599925711553675
7614,2,WALKING_DOWNSTAIRS,3,2,WALKING_UPSTAIRS,0.5466666666666666,0.12333333333333334,0.5466666666666666,0.32666666666666666,0.0,0.0,0.0033333333333333335,WALKING_DOWNSTAIRS,0.32666666666666666,WALKING_DOWNSTAIRS,-0.0053029530046874,0.3395833463995157,0.3396247494845795,-0.0184003769375,0.254834039020278,0.2554974780987685,-0.0070551415499218,0.1317548599924136,0.1319436173291832,0.3048454254609375,0.5492975972235979,0.6282185795884089,-0.1170657875734375,0.5675987981629369,0.5795453341164948,0.10421453875,0.3596661039484985,0.3744601132515551
7635,2,WALKING_UPSTAIRS,2,1,WALKING,0.9266666666666666,0.9266666666666666,0.07333333333333333,0.0,0.0,0.0,0.0,WALKING_UPSTAIRS,0.07333333333333333,WALKING_UPSTAIRS,-0.006335181671875,0.2266075337492198,0.2266960715996629,-0.014001190921875,0.1869053481406113,0.1874290332653773,-0.0109803136875,0.1299614854640998,0.1304245183725488,-0.0502527897656249,0.3395457470456108,0.3432443112652998,0.0163848528125,0.3147853116376096,0.3152114462142425,-0.0071503145078124,0.3198695394005709,0.3199494479349731
7637,2,WALKING_UPSTAIRS,2,1,WALKING,0.7433333333333333,0.7433333333333333,0.24333333333333335,0.01,0.0,0.0,0.0033333333333333335,WALKING_UPSTAIRS,0.24333333333333335,WALKING_UPSTAIRS,-0.0016370013984374,0.2204096820645863,0.220415761054854,-0.0107402657578124,0.1819649476236732,0.1822816377813041,-0.0020336793984374,0.1488824801794306,0.1488963691843228,-0.0808267954843749,0.5154100329048145,0.5217091842082281,0.0691186314609375,0.4202242090498232,0.4258706036891751,0.0248113872109375,0.2776906770352967,0.2787969100396426
7643,2,WALKING_UPSTAIRS,2,1,WALKING,0.87,0.87,0.11333333333333333,0.016666666666666666,0.0,0.0,0.0,WALKING_UPSTAIRS,0.11333333333333333,WALKING_UPSTAIRS,-0.0033146617101562,0.2566953222100155,0.2567167221408775,-0.0120557392578125,0.207461218182303,0.2078112073463255,0.0122899333539062,0.135063945100551,0.1356219441239806,0.0133687948929687,0.3110082137691265,0.3112954122834979,-0.034042545609375,0.4205027629631748,0.4218784997736082,-0.0184898968593749,0.3282135177068743,0.328733918985235
7644,2,WALKING_UPSTAIRS,2,1,WALKING,0.51,0.51,0.45,0.04,0.0,0.0,0.0,WALKING_UPSTAIRS,0.45,WALKING_UPSTAIRS,-0.00477960971875,0.2348460753635854,0.2348947078644864,0.0138938226953124,0.2060594739517586,0.2065273471343789,-0.0095509284609375,0.1342838827975754,0.1346231087653933,0.1307439040570312,0.5632543904067149,0.5782296055724871,-0.057662147734375,0.4062750578296131,0.4103466167714756,-0.0197400736406249,0.3395775454233828,0.3401508192891896
7645,2,WALKING_UPSTAIRS,2,1,WALKING,0.66,0.66,0.18666666666666668,0.15333333333333332,0.0,0.0,0.0,WALKING_UPSTAIRS,0.18666666666666668,WALKING_UPSTAIRS,-0.0111915459140625,0.2459717780291645,0.2462262501984204,0.0089150183359374,0.202339005388982,0.2025353071781131,-0.0167746642867187,0.1347229876968938,0.1357632968659406,-0.0877234345859375,0.6584246252041344,0.6642427177250483,0.0522160984765625,0.4645398294448523,0.4674652651061536,-0.0182216157578125,0.3144837251927375,0.3150111755032298
7648,2,WALKING_UPSTAIRS,2,1,WALKING,0.5366666666666666,0.5366666666666666,0.43333333333333335,0.03,0.0,0.0,0.0,WALKING_UPSTAIRS,0.43333333333333335,WALKING_UPSTAIRS,0.0171534635078124,0.2794222089399116,0.2799482312127966,-0.0087975528820312,0.1986371018948484,0.1988318263907882,-0.0100032522507812,0.1365084168680176,0.1368744422140423,0.0534318588359374,0.4758932550384953,0.4788834448274422,-0.0168440192109375,0.440981210186075,0.4413027857609259,-0.0493201112421875,0.3168069585030305,0.3206230221442038
7650,2,WALKING_UPSTAIRS,2,1,WALKING,0.5366666666666666,0.5366666666666666,0.41333333333333333,0.05,0.0,0.0,0.0,WALKING_UPSTAIRS,0.41333333333333333,WALKING_UPSTAIRS,-0.0030156744062499,0.2589095786804088,0.2589271407647165,0.0128772925625,0.2067608363313159,0.2071614541949477,0.0056077754914062,0.1429013911387734,0.14301137974077,0.0993551073195312,0.457954849129786,0.46860866529756,0.005064166109375,0.4708867355094648,0.4709139660884395,0.0032724737734375,0.2621304409910121,0.2621508672095904
7651,2,WALKING_UPSTAIRS,2,1,WALKING,0.45666666666666667,0.45666666666666667,0.43,0.11333333333333333,0.0,0.0,0.0,WALKING_UPSTAIRS,0.43,WALKING_UPSTAIRS,-0.0001478119531249,0.235222717494916,0.2352227639367979,0.0147884791171874,0.1879810219659303,0.188561830002668,-0.0062505368046875,0.1393327640201777,0.1394728946421106,0.195970955865625,0.514902825155406,0.550935145816552,-0.0854416404765625,0.478273764942621,0.4858457246490039,0.0092031666328125,0.2793504775176127,0.2795020349932887
7652,2,WALKING_UPSTAIRS,2,1,WALKING,0.8066666666666666,0.8066666666666666,0.13333333333333333,0.06,0.0,0.0,0.0,WALKING_UPSTAIRS,0.13333333333333333,WALKING_UPSTAIRS,-0.0066839041171875,0.2333142332759763,0.2334099527085433,0.000698904734375,0.1810013896007597,0.1810027389440108,0.0087399438312499,0.1254706350993195,0.1257746671249818,0.0460988236867187,0.6419581122811975,0.6436111554882634,-0.0120085027265625,0.4492092814997425,0.4493697616921378,0.021163960796875,0.2941785762215931,0.2949388884911166
7655,4,STANDING,5,6,LAYING,0.49666666666666665,0.006666666666666667,0.006666666666666667,0.0033333333333333335,0.22666666666666666,0.26,0.49666666666666665,STANDING,0.26,STANDING,0.0018154234332031,0.0218441488320498,0.0219194571200695,-0.034843747046875,0.0359209516494151,0.0500439954007094,-0.01267471909375,0.0654208270856637,0.06663732528154,0.0914360649296875,0.3017397127541233,0.3152894039176815,-0.03153232978125,0.0867996666318841,0.0923497154778493,0.0515147678710937,0.1189544723723799,0.1296300034953481
7657,4,STANDING,5,4,SITTING,0.46,0.0,0.0,0.0,0.46,0.38,0.16,STANDING,0.38,STANDING,-0.0041230930937499,0.0080421680126318,0.0090374976073649,0.0196395857921875,0.0111982186649904,0.0226078179256122,0.0191701648453124,0.029579883228724,0.0352486129091827,-0.052798246921875,0.0480328300416825,0.071377921235046,0.0016612313140625,0.0395049378662878,0.0395398508507314,-0.0144230681796875,0.0378493510773077,0.0405042994346182
7693,4,SITTING,4,5,STANDING,0.37333333333333335,0.0,0.0,0.0,0.30333333333333334,0.37333333333333335,0.3233333333333333,SITTING,0.3233333333333333,LAYING,0.0022571945792968,0.0061428525783266,0.0065444300873232,-0.0008533136905468,0.007074496676975,0.0071257734658775,-0.0013017231193749,0.0102488343910744,0.0103311707688522,0.0002187196682031,0.0262321623614723,0.026233074170823,-0.0038985526011718,0.0269959842811412,0.0272760312305828,0.017674455760625,0.051185233901307,0.0541508500022465
7698,4,SITTING,4,5,STANDING,0.4766666666666667,0.0,0.0,0.0,0.42,0.4766666666666667,0.10333333333333333,SITTING,0.42,SITTING,-0.0007143255396953,0.0058517927376965,0.0058952302093827,0.0061751767749999,0.0131922308486167,0.0145659796431855,0.0036272252757031,0.0076642579593993,0.008479246031866,0.01462492140625,0.0182184595792997,0.0233623756407941,-0.0034559002765625,0.0219243518942326,0.0221950546902611,0.0201200741130468,0.0236786554045575,0.03107243318574
7699,4,SITTING,4,5,STANDING,0.7833333333333333,0.0,0.0,0.0,0.12333333333333334,0.7833333333333333,0.09333333333333334,SITTING,0.12333333333333334,SITTING,8.688812327343738e-05,0.0051130747380444,0.0051138129436648,0.0020205200749999,0.0091763892793254,0.0093962025084178,0.0009901969983593,0.0072094631035837,0.0072771456174447,0.015820815971875,0.0201246534444531,0.025598826033146,-0.003324527984375,0.0195613436789204,0.0198418409640772,0.0083352345161718,0.01715781929181,0.0190752954705816
7700,4,SITTING,4,5,STANDING,0.6533333333333333,0.0,0.0,0.0,0.24333333333333335,0.6533333333333333,0.10333333333333333,SITTING,0.24333333333333335,SITTING,0.0007429845387499,0.0037996338266921,0.0038715944056376,0.0022371746164062,0.00694309234879,0.0072946200468646,-0.0049328586219531,0.0087639785568255,0.0100568590687488,0.0106006135851562,0.0168121990235837,0.019875186650454,-0.0054808387132812,0.0159417090687984,0.016857570436905,0.0074704930054687,0.0087528936156188,0.0115074502993103
7709,4,LAYING,6,4,SITTING,0.52,0.0,0.0,0.0,0.52,0.06666666666666667,0.41333333333333333,LAYING,0.41333333333333333,LAYING,0.0005729012169531,0.0052101449614212,0.0052415480846224,0.0008123461724218,0.0043386419137531,0.0044140366966784,-0.0014240114925781,0.0057096137605127,0.0058845134059861,-0.0039154124101562,0.0108677184376848,0.0115515262360608,-0.0132679711421093,0.0203684048191878,0.0243086604547877,0.0163125977327343,0.0213287334844615,0.0268517358254769
7721,4,LAYING,6,4,SITTING,0.51,0.0,0.0,0.0,0.51,0.18666666666666668,0.30333333333333334,LAYING,0.30333333333333334,LAYING,0.0025166642308281,0.0098032518011575,0.0101211335693008,0.0013615198900781,0.0097579221140845,0.0098524504766894,-0.0037473455348437,0.0103407733780337,0.0109988268744155,0.0032875112885156,0.0195679554614438,0.0198421927067844,0.0001130708718749,0.0603220344152214,0.060322140388196,-0.0040338970972656,0.0250214647108848,0.0253445461997129
7724,4,LAYING,6,4,SITTING,0.5266666666666666,0.0,0.0,0.0,0.5266666666666666,0.08666666666666667,0.38666666666666666,LAYING,0.38666666666666666,LAYING,-0.0044528278679687,0.0096109971762911,0.0105924002352835,0.0050967437810937,0.0113185700569669,0.0124131714442597,-0.0050357162961718,0.0125305495008973,0.0135045588380357,-0.0027281178101562,0.0269253611543703,0.0270632167356241,-0.0403691679609374,0.0369247630058057,0.0547093030927401,0.0421155428242187,0.0332529801551927,0.0536607830410649
7772,4,WALKING_DOWNSTAIRS,3,2,WALKING_UPSTAIRS,0.2966666666666667,0.2733333333333333,0.2966666666666667,0.19666666666666666,0.07333333333333333,0.04,0.12,WALKING_DOWNSTAIRS,0.2733333333333333,WALKING,-0.0101602981015625,0.2328747359234785,0.2330962768663251,0.0128265507078125,0.0927706604094346,0.0936531677833843,0.0136415827296875,0.0859782371741014,0.08705371931708,-0.3271148477578125,0.3252329090533385,0.4612814420231037,0.0865349667304687,0.1850378848211089,0.2042726591742353,-0.054944475815625,0.236402746851771,0.2427038403934234
7777,4,WALKING_DOWNSTAIRS,3,2,WALKING_UPSTAIRS,0.33666666666666667,0.28,0.33666666666666667,0.32666666666666666,0.016666666666666666,0.006666666666666667,0.03333333333333333,WALKING_DOWNSTAIRS,0.32666666666666666,WALKING_DOWNSTAIRS,-0.0263793847562499,0.2395039100135382,0.2409522667498509,0.0062672933671875,0.1102450587051111,0.1104230588918989,0.0224421449171874,0.0982614436956331,0.1007916722037794,-0.0287148347812499,0.5987771781413038,0.5994653040830447,0.05292525815625,0.2253382156863365,0.2314700723627304,-0.0018251895624999,0.2289645791714972,0.2289718537989329
7778,4,WALKING_DOWNSTAIRS,3,1,WALKING,0.44,0.44,0.29333333333333333,0.26666666666666666,0.0,0.0,0.0,WALKING_DOWNSTAIRS,0.29333333333333333,WALKING_UPSTAIRS,-0.011452261459375,0.2351919752496864,0.2354706340807341,0.0074327938359375,0.128149142693484,0.1283645168934253,0.0013264363390625,0.1143656728978263,0.1143733647784054,-0.0905570860156249,0.6122876319582078,0.6189480835067115,0.0290318201953125,0.2862832462442826,0.2877515311236719,-0.013254454384375,0.2524050027317777,0.2527527763745755
7791,4,WALKING_UPSTAIRS,2,1,WALKING,0.67,0.67,0.23,0.1,0.0,0.0,0.0,WALKING_UPSTAIRS,0.23,WALKING_UPSTAIRS,-0.0136149748,0.2308920899166204,0.2312931575400997,0.01702495378125,0.1235610066072558,0.1247283905333987,0.007405922678125,0.0985966905719303,0.0988744409969095,-0.037775496534375,0.2923860344520397,0.2948161821898654,-0.025009525984375,0.283253943611737,0.2843558913783293,-0.0273196466484375,0.3561170333930089,0.3571634143716751
7804,4,WALKING_UPSTAIRS,2,3,WALKING_DOWNSTAIRS,0.5233333333333333,0.21666666666666667,0.26,0.5233333333333333,0.0,0.0,0.0,WALKING_UPSTAIRS,0.26,WALKING_UPSTAIRS,0.022354395921875,0.2298276036166186,0.230912204963682,0.0031713466640624,0.1659518815014652,0.1659821810121195,0.0080262957031249,0.1083659320198576,0.1086627656800912,0.4342135877578125,0.4692105713944641,0.6392964884166275,-0.0645969669140625,0.336670937366472,0.3428120304215058,0.0662165677890624,0.259240148849702,0.2675632422911996
7805,4,WALKING_UPSTAIRS,2,1,WALKING,0.8333333333333334,0.8333333333333334,0.14333333333333334,0.023333333333333334,0.0,0.0,0.0,WALKING_UPSTAIRS,0.14333333333333334,WALKING_UPSTAIRS,-0.0006942308640625,0.2364550004689899,0.2364560195962087,-0.0001453227421875,0.160786029391155,0.1607860950644451,-0.015422848884375,0.1024184864208598,0.1035732138559488,0.0384202613515625,0.5503645458210061,0.5517039512085125,0.0029149012499999,0.3215359753559347,0.3215491876795671,0.012988546109375,0.2971622705138141,0.2974459906385705
7806,4,WALKING_UPSTAIRS,2,1,WALKING,0.57,0.57,0.38666666666666666,0.043333333333333335,0.0,0.0,0.0,WALKING_UPSTAIRS,0.38666666666666666,WALKING_UPSTAIRS,-0.005926399153125,0.2569765303558631,0.2570448586543991,0.0046594506328125,0.1690159249399651,0.1690801388795016,-0.0056527886679687,0.1157838937213981,0.1159218015086581,0.093425271203125,0.4963183688614296,0.5050348548057327,-0.0272343243203125,0.3205138038908982,0.3216687844752691,0.0351795754921875,0.3320197899228235,0.3338783362726703
7807,4,WALKING_UPSTAIRS,2,1,WALKING,0.8766666666666667,0.8766666666666667,0.09666666666666666,0.02666666666666667,0.0,0.0,0.0,WALKING_UPSTAIRS,0.09666666666666666,WALKING_UPSTAIRS,0.0025344999843749,0.2585521823895355,0.2585646045160908,-0.0036287934843749,0.1719966599629906,0.1720349359304001,-0.0048631653617187,0.1211084042476965,0.1212060062734471,-0.0049014562764062,0.5081793538539038,0.5082029908973389,0.0075693798937499,0.3680910860247873,0.3681689056980278,0.0126663980703125,0.3538076931408494,0.354034350544866
7814,4,WALKING_UPSTAIRS,2,1,WALKING,0.63,0.63,0.2633333333333333,0.10666666666666667,0.0,0.0,0.0,WALKING_UPSTAIRS,0.2633333333333333,WALKING_UPSTAIRS,0.0002971923765625,0.2674171800621165,0.2674173452034911,-0.0019434654609374,0.1819606197779692,0.1819709982606584,0.00679229790625,0.1110314665658899,0.1112390303743231,-0.0591151227109374,0.5375290821095805,0.540769925057503,0.0342787548124999,0.3511999355190973,0.3528688534570791,-0.0257093690625,0.3341868563673502,0.335174322743082
7816,4,WALKING_UPSTAIRS,2,3,WALKING_DOWNSTAIRS,0.6166666666666667,0.17666666666666667,0.20666666666666667,0.6166666666666667,0.0,0.0,0.0,WALKING_UPSTAIRS,0.20666666666666667,WALKING_UPSTAIRS,0.0006981029390624,0.2616301441101789,0.2616310754761875,-0.003974576871875,0.1582262190454815,0.1582761310328855,-0.01490838428125,0.1288437044191602,0.1297033541984529,-0.2132669190625,0.6427447798086889,0.6772027988259728,0.0329380662265625,0.3277340732773332,0.3293850922456841,-0.0072753972796874,0.3259234377993515,0.3260046298943084
7818,4,STANDING,5,4,SITTING,0.4266666666666667,0.13666666666666666,0.13333333333333333,0.03666666666666667,0.4266666666666667,0.19333333333333333,0.07333333333333333,STANDING,0.19333333333333333,STANDING,0.0184543411975781,0.084163708670431,0.0861631740722091,0.1380748614765624,0.1483866318022286,0.2026900586348084,0.14786693315625,0.0866138278265758,0.1713668144414391,-0.0322555285866406,0.0620984652829323,0.0699759852728001,0.3492214115742187,0.2959065065828168,0.457729456054487,-0.25248436921875,0.2570058829315781,0.3602781988425473
7843,4,STANDING,5,4,SITTING,0.5033333333333333,0.0,0.0,0.0,0.5033333333333333,0.49333333333333335,0.0033333333333333335,STANDING,0.49333333333333335,STANDING,-9.725883488281252e-05,0.002817170637115,0.0028188489990749,0.002002109206875,0.0258776183885873,0.0259549527979075,-0.0021884697328124,0.0212850116509521,0.021397222267215,-0.0085227047773437,0.0270177666472069,0.0283301290382639,0.0146580748135156,0.0255598841406476,0.0294646709556029,0.0181681287148437,0.0254958832159113,0.0313068836193978
7850,4,SITTING,4,5,STANDING,0.4533333333333333,0.0,0.0,0.0,0.44666666666666666,0.4533333333333333,0.1,SITTING,0.44666666666666666,SITTING,-0.0010840850228906,0.0027842707083169,0.0029878761209339,0.0009050412510937,0.0038564525907933,0.0039612278716602,0.0004272748203906,0.0065195838168306,0.006533569997851,0.0013258125574999,0.0091783633729574,0.0092736256741185,-0.0002943473626875,0.0066761177819669,0.006682603460375,0.0035983589465624,0.0112269723056095,0.0117895332502703
7854,4,SITTING,4,5,STANDING,0.5633333333333334,0.0,0.0,0.0,0.37333333333333335,0.5633333333333334,0.06333333333333334,SITTING,0.37333333333333335,SITTING,0.0017726170178906,0.0090090851708225,0.0091818182680365,-0.0017607069701562,0.016539089121426,0.016632545145023,0.000327236721875,0.0152884770217314,0.0152919787312223,0.0001884610271093,0.0317133813736966,0.0317139413462324,-0.01106359723125,0.0533780928364116,0.0545126038503748,-0.0031755921890624,0.0461119708924902,0.0462211882727078
7862,4,SITTING,4,5,STANDING,0.5033333333333333,0.0,0.0,0.0,0.37,0.5033333333333333,0.12666666666666668,SITTING,0.37,SITTING,-3.0336181249999983e-05,0.0059807837533809,0.0059808606896163,-0.0209970766117187,0.0189809516015526,0.0283046595093258,-0.0051057264054687,0.0109924025434546,0.0121202869522486,-0.1020325836999218,0.0605548815044975,0.1186488171475186,-0.0296930044235156,0.0329638439791967,0.0443654090658447,0.0062079483255468,0.0364944607510422,0.0370187018670566
7863,4,SITTING,4,5,STANDING,0.7433333333333333,0.0,0.0,0.0,0.18,0.7433333333333333,0.07666666666666666,SITTING,0.18,SITTING,4.720582421875003e-05,0.0061327007871476,0.006132882465409,-0.0100631239132812,0.0164692984306536,0.0193003692630991,0.0012667748521874,0.0070994596713203,0.0072115910970352,-0.0304000280249218,0.0423735440251938,0.0521505411014216,-0.0043533666437499,0.0261185520527265,0.0264788701130902,0.0025886230539062,0.0358211156918203,0.035914527683404
7864,4,SITTING,4,5,STANDING,0.74,0.0,0.0,0.0,0.19666666666666666,0.74,0.06333333333333334,SITTING,0.19666666666666666,SITTING,-6.517167398437497e-05,0.003609219413904,0.0036098077683986,0.00646948826875,0.0187456154209002,0.0198305919217704,0.0031592089545312,0.0073484628962863,0.0079987816670095,0.0116248814015625,0.0176853407924209,0.0211638641685411,0.0027592112047656,0.0186493625780995,0.0188523730878084,-0.0058402198828125,0.0273707182981511,0.0279868609964809
7865,4,SITTING,4,5,STANDING,0.5866666666666667,0.0,0.0,0.0,0.36,0.5866666666666667,0.05333333333333334,SITTING,0.36,SITTING,-0.0002840744654687,0.0032491781916238,0.0032615728142807,0.011827504387164,0.0126987661552033,0.0173536313748138,0.0003488555015625,0.0084051000758493,0.0084123366222479,0.0155793026328125,0.0156041491577131,0.0220500372213045,0.0040611227421875,0.0218030134345397,0.0221780096661949,0.0019956420335937,0.0256795587311852,0.0257569859213891
7866,4,SITTING,4,5,STANDING,0.87,0.0,0.0,0.0,0.12666666666666668,0.87,0.0033333333333333335,SITTING,0.12666666666666668,SITTING,-0.0007452763272656,0.0045198105330769,0.0045808431602595,-0.0003945274104921,0.0129326732677932,0.0129386896449804,0.0043591994492031,0.0134348345720345,0.014124354846005,0.0151201406640625,0.0467620515499094,0.0491457843447169,0.006624757978125,0.0386129889857428,0.0391771660113621,-0.0037049389406249,0.0321767814397012,0.0323893784499187
7867,4,SITTING,4,5,STANDING,0.6633333333333333,0.0,0.0,0.0,0.26,0.6633333333333333,0.07666666666666666,SITTING,0.26,SITTING,-0.0021454264209375,0.0101310550745052,0.0103557294021384,0.0232078581164062,0.0311041359482959,0.0388081428496819,0.0132322130343593,0.0153794688333728,0.0202884085966188,0.0141395558453125,0.0509710616317112,0.0528958993057724,0.011896092934375,0.051882197182897,0.0532285582336052,-0.0253767607476562,0.0487573775325385,0.0549660063120314
7876,4,LAYING,6,5,STANDING,0.6066666666666667,0.0,0.0,0.0,0.11666666666666667,0.6066666666666667,0.27666666666666667,LAYING,0.27666666666666667,LAYING,0.0013399999176562,0.0128925781583075,0.0129620280568816,3.827774140625039e-05,0.0240215800381444,0.0240216105354005,-0.0032783014588281,0.0190387059558108,0.0193188919176743,-0.00277241502125,0.0428155417327526,0.0429052082959532,-0.0062372421148437,0.0376048793658847,0.0381186324691996,-0.0051371371835937,0.0313100952474215,0.0317287289825116
7877,4,LAYING,6,5,STANDING,0.57,0.0,0.0,0.0,0.14666666666666667,0.57,0.2833333333333333,LAYING,0.2833333333333333,LAYING,0.0030229803985156,0.0105137878196739,0.0109397506738926,0.0003527526967421,0.0208567847531534,0.0208597676090706,-0.0032261364523437,0.0187445101751868,0.0190201108860286,-0.0007898552632812,0.0404178045833353,0.0404255216252508,-0.0085238504453125,0.0324750980197967,0.0335751100937801,-0.008995926554375,0.0259381561432135,0.0274538638206252
7897,4,WALKING,1,2,WALKING_UPSTAIRS,0.43,0.3933333333333333,0.43,0.016666666666666666,0.03333333333333333,0.06,0.06666666666666667,WALKING,0.3933333333333333,WALKING,0.0015548021484375,0.189891881862759,0.1898982469826955,0.0125360095304687,0.1559931764680273,0.1564960786714258,0.006931715123125,0.0648243106854465,0.0651938642081558,-0.0649179288984374,0.4205533635428353,0.4255343336085289,0.0324131651882812,0.2440280593929218,0.2461712961508676,0.0168228051015624,0.1359015548056344,0.1369388161555152
7898,4,WALKING,1,2,WALKING_UPSTAIRS,0.4266666666666667,0.4033333333333333,0.4266666666666667,0.016666666666666666,0.02,0.05333333333333334,0.08,WALKING,0.4033333333333333,WALKING,-0.0076057757734375,0.1859637522343382,0.1861192224628884,-0.0123839185164062,0.1484515037653102,0.1489671453979128,0.0001912452953125,0.0671559876699,0.0671562599813505,-0.0500937303124999,0.4003102605571333,0.4034323816006115,0.022952200703125,0.2496803548204414,0.2507330913548869,3.639646093750036e-05,0.1396206633111799,0.1396206680551136
7905,4,WALKING,1,2,WALKING_UPSTAIRS,0.44,0.43666666666666665,0.44,0.02,0.013333333333333334,0.06,0.03,WALKING,0.43666666666666665,WALKING,-0.001865836703125,0.1931714259907426,0.1931804368094752,-0.0135333907109375,0.1546768131870483,0.1552677339366938,0.0117995027320312,0.0662916748607134,0.0673336054326645,-0.04152243496875,0.4049419552312698,0.4070652278348739,0.0268522427531249,0.2605758531991841,0.2619557562096231,0.0031129176640624,0.1504057287512227,0.1504379390232717
7907,4,WALKING,1,2,WALKING_UPSTAIRS,0.45,0.4,0.45,0.006666666666666667,0.013333333333333334,0.06333333333333334,0.06666666666666667,WALKING,0.4,WALKING,-0.001789065875,0.184983010513366,0.1849916617993718,0.0006977264453125,0.1650228627368095,0.1650243377446016,-0.0036628861328125,0.0714896448874798,0.0715834202938077,0.039949440359375,0.3962654213753376,0.3982740789491592,-0.042594003125,0.2595059005066637,0.2629782529031383,0.00274445946875,0.1251939634417943,0.1252240413820003
7910,4,WALKING,1,3,WALKING_DOWNSTAIRS,0.41,0.3466666666666667,0.16333333333333333,0.41,0.006666666666666667,0.0,0.07333333333333333,WALKING,0.3466666666666667,WALKING,-0.0018887323140624,0.155671023487762,0.1556824809138187,0.019504338221875,0.1440184146679368,0.145333144784454,-0.0289544427664062,0.0771263948676672,0.0823822829326574,-0.7119164500429688,1.1516119169003014,1.3538962438047346,0.0200328545312499,0.2599325109149083,0.2607033285004224,-0.06551963715625,0.1751074313877618,0.1869637274454763
7912,4,WALKING,1,2,WALKING_UPSTAIRS,0.4166666666666667,0.41333333333333333,0.4166666666666667,0.08,0.0,0.04666666666666667,0.043333333333333335,WALKING,0.41333333333333333,WALKING,-0.0006244824953124,0.2067442038962327,0.2067451470363307,0.0144929792117187,0.1534397700776225,0.1541227091894798,-0.0115175436570312,0.0718666191148694,0.0727836846751614,0.1062629399999999,0.4510053063222586,0.4633547223761488,0.0035475278914062,0.254561538560614,0.2545862562442978,0.0141739147828124,0.1487524739336923,0.1494262305007533
7913,4,WALKING,1,2,WALKING_UPSTAIRS,0.46,0.44,0.46,0.023333333333333334,0.006666666666666667,0.043333333333333335,0.02666666666666667,WALKING,0.44,WALKING,0.0022242990937499,0.2175158917656439,0.2175272642154582,0.0025345472507812,0.1656738055531782,0.1656931917015263,0.0010364794621093,0.0776320343402218,0.0776389531451626,-0.0533934166249999,0.4519163467151475,0.45505960199435,0.0226176071796875,0.2433476882726982,0.2443965088584551,-0.002564386146875,0.1509573631212345,0.1509791427874279
7917,4,WALKING,1,2,WALKING_UPSTAIRS,0.46,0.44,0.46,0.02,0.013333333333333334,0.03,0.03666666666666667,WALKING,0.44,WALKING,-0.015890622734375,0.1966078402593672,0.1972489663910538,-0.0047942663296875,0.177579541173071,0.177644246833041,0.0071451266253125,0.0752577366815718,0.0755961623690287,-0.0247934789507812,0.4563142354476454,0.4569873062467403,0.00661851828125,0.2664262131528868,0.266508408571337,-0.0038287394585937,0.1528411440685176,0.1528890923709575
7918,4,WALKING,1,2,WALKING_UPSTAIRS,0.44333333333333336,0.4166666666666667,0.44333333333333336,0.0033333333333333335,0.01,0.05,0.07666666666666666,WALKING,0.4166666666666667,WALKING,-0.003558315421875,0.1868754953311684,0.186909369385034,0.002859418296875,0.1845081799682126,0.1845303355770504,-0.0037818156559374,0.0716282311342866,0.071727997498064,0.0768630293539062,0.439903470363894,0.446568011079675,-0.041881508203125,0.2346256224816147,0.2383343102749867,0.0132964830101562,0.1380938364566135,0.1387324912475275
7923,4,WALKING,1,2,WALKING_UPSTAIRS,0.43333333333333335,0.42333333333333334,0.43333333333333335,0.023333333333333334,0.006666666666666667,0.05333333333333334,0.06,WALKING,0.42333333333333334,WALKING,0.0101050181710937,0.1924295143849962,0.1926946532695798,0.0001138978320312,0.1855860701702594,0.1855861051209291,-0.01403694745,0.0613966395772124,0.0629808164847692,-0.0308709941179687,0.4971163686531329,0.4980739927568084,0.011815908921875,0.2696753300424107,0.2699340647957075,0.0044615751,0.143582606741064,0.1436519077873036
7948,4,WALKING_UPSTAIRS,2,3,WALKING_DOWNSTAIRS,0.41,0.2,0.39,0.41,0.0,0.0,0.0,WALKING_UPSTAIRS,0.39,WALKING_UPSTAIRS,0.0074327233203125,0.2694426993776676,0.2695451977384878,0.0078770395625,0.1476499391077177,0.1478599075841113,0.0167485573828125,0.1308078422936849,0.131875720964607,0.2768278624218749,0.4167291369586238,0.5002967509422223,-0.0404362382968749,0.4374389585948441,0.4393039174240805,0.01251087671875,0.2700620322861864,0.270351666018201
7951,4,WALKING_UPSTAIRS,2,1,WALKING,0.7766666666666666,0.7766666666666666,0.16333333333333333,0.06,0.0,0.0,0.0,WALKING_UPSTAIRS,0.16333333333333333,WALKING_UPSTAIRS,-0.007438203703125,0.2614149260319878,0.2615207265717936,-0.0192563487734375,0.1634281033772034,0.1645586580571018,0.008341517346875,0.1154210715466326,0.1157221010378791,-0.0464517729218749,0.5138803389148017,0.5159755516793183,-0.0236240425859374,0.3843929063296383,0.3851181660538078,0.0064815322031249,0.287389089172926,0.2874621693985908
7953,4,WALKING_UPSTAIRS,2,3,WALKING_DOWNSTAIRS,0.69,0.09333333333333334,0.21666666666666667,0.69,0.0,0.0,0.0,WALKING_UPSTAIRS,0.21666666666666667,WALKING_UPSTAIRS,-0.0170591019609374,0.2702089313017497,0.2707468919765237,0.0041071149999999,0.1504863810689946,0.1505424168826377,-0.0125816645140625,0.1235802934382195,0.1242191096740789,-0.2542528751585937,0.6152560368340458,0.6657210492294413,0.030440349140625,0.3954711464080323,0.39664094909261,-0.0426540199374999,0.2789391203332625,0.28218149880728
7954,4,WALKING_UPSTAIRS,2,3,WALKING_DOWNSTAIRS,0.5266666666666666,0.08666666666666667,0.38666666666666666,0.5266666666666666,0.0,0.0,0.0,WALKING_UPSTAIRS,0.38666666666666666,WALKING_UPSTAIRS,-0.0178235544742187,0.2672757212422632,0.2678693529683219,0.00285043480625,0.1484547014267218,0.1484820640827767,-0.0135802054203125,0.1276991888235239,0.1284192540293079,-0.4813594825078124,0.4958432358459466,0.691062562966891,0.0638270055625,0.4073323080468252,0.4123026750068803,-0.03562501140625,0.2553598206616063,0.2578328517586988
7959,4,WALKING_UPSTAIRS,2,1,WALKING,0.9766666666666667,0.9766666666666667,0.023333333333333334,0.0,0.0,0.0,0.0,WALKING_UPSTAIRS,0.023333333333333334,WALKING_UPSTAIRS,-0.0096223253734375,0.2538209627632837,0.2540032879387047,-0.00417850740625,0.1747109845993206,0.1747609454764082,0.0125181225453125,0.1277160616863401,0.1283280787853091,0.0106266272656249,0.4397227816511872,0.4398511679080779,-0.018463033984375,0.400535464390846,0.4009607734663066,-0.0030469327265625,0.2830329924717124,0.2830493925563746
7960,4,WALKING_UPSTAIRS,2,1,WALKING,0.44666666666666666,0.44666666666666666,0.44,0.11333333333333333,0.0,0.0,0.0,WALKING_UPSTAIRS,0.44,WALKING_UPSTAIRS,0.0037544924664062,0.2506435362866114,0.2506716547516655,-0.010336060609375,0.1714755896367129,0.1717868213518693,-0.0020253028218749,0.1200390698066041,0.120056154076145,0.106173138015625,0.4863482951903085,0.4978025707754073,-0.00195418328125,0.3988456804117377,0.3988504677387237,0.0231503082265625,0.2482540502810498,0.2493311257182522
7964,4,WALKING_UPSTAIRS,2,3,WALKING_DOWNSTAIRS,0.47,0.1,0.43,0.47,0.0,0.0,0.0,WALKING_UPSTAIRS,0.43,WALKING_UPSTAIRS,-0.0129713109218749,0.2840365972000525,0.284332628194544,0.0013090337523437,0.175784716316379,0.1757895903055543,-0.0006186369140624,0.1178867406549538,0.1178883638612385,0.4556239931953125,0.5611382624380086,0.7228204291158279,-0.0161009556249999,0.3483100244170313,0.3486819666708204,-0.0268311056171875,0.2306998890322076,0.2322549182000536
7967,4,WALKING_UPSTAIRS,2,1,WALKING,0.4266666666666667,0.4266666666666667,0.41,0.15666666666666668,0.006666666666666667,0.0,0.0,WALKING_UPSTAIRS,0.41,WALKING_UPSTAIRS,0.0097665259312499,0.25258174626588,0.2527704958563938,0.027363592359375,0.1486406207953665,0.151138348334372,0.0187004175007812,0.1305830411583619,0.1319152616374238,0.063790910078125,0.5689159495686182,0.5724811244767447,0.0151627928906249,0.3640264952366784,0.3643421462342004,0.015268701765625,0.2505617667638373,0.2510265567971309
7968,4,WALKING_UPSTAIRS,2,1,WALKING,0.67,0.67,0.2633333333333333,0.06666666666666667,0.0,0.0,0.0,WALKING_UPSTAIRS,0.2633333333333333,WALKING_UPSTAIRS,0.0020458775328125,0.2547207018939761,0.2547289178484435,-0.0163146196015624,0.1552311876948123,0.1560861571244732,0.0089514715,0.1245526408610038,0.1248738931380996,-0.0004131333671874,0.5089041538934138,0.5089043215862393,-0.031373616484375,0.3867925365516528,0.3880628430336642,0.008951342015625,0.2247961979554393,0.2249743477356958
7971,9,STANDING,5,6,LAYING,0.63,0.0,0.0,0.0,0.16,0.21,0.63,STANDING,0.21,STANDING,0.0003172695570312,0.0316096502939161,0.0316112424886382,0.014529271215625,0.0273243037792633,0.0309470079180307,0.0161941901447656,0.0425325464856574,0.0455111997754336,0.0426169885945312,0.1028547097887863,0.1113341773338352,0.0111291089643749,0.117154974621641,0.1176823909722192,0.0521323366804687,0.0385281181442177,0.0648243504826739
7973,9,STANDING,5,6,LAYING,0.5133333333333333,0.0,0.0,0.0,0.18666666666666668,0.3,0.5133333333333333,STANDING,0.3,STANDING,-0.0011066102359374,0.0062781624026735,0.0063749438718019,-0.0001900193632812,0.0042682973711173,0.004272524991935,0.0045367275664062,0.012902609918468,0.0136769601783415,-0.0005252839039062,0.0198562893704958,0.0198632361599153,0.0096376352632812,0.0148011745331338,0.0176623549117418,0.0073718861296875,0.0111490269024503,0.0133658335310836
7974,9,STANDING,5,6,LAYING,0.53,0.0,0.0,0.0,0.25333333333333335,0.21666666666666667,0.53,STANDING,0.25333333333333335,SITTING,-0.0012670964528046,0.0072552795938589,0.0073650943921837,-0.0012932148092968,0.0042683403274473,0.0044599477232247,0.0099315050671874,0.0121861913479644,0.0157206250660962,-0.0033542177715624,0.0184348917885635,0.0187375561937813,-0.0012279200367187,0.0282844154146047,0.0283110569029576,0.0007542224014843,0.0113859970695738,0.0114109500349114
7975,9,STANDING,5,6,LAYING,0.6333333333333333,0.0,0.0,0.0,0.10333333333333333,0.2633333333333333,0.6333333333333333,STANDING,0.2633333333333333,STANDING,0.0012995242816484,0.0073647945065213,0.0074785668066736,-0.0024841001038281,0.0041394020418453,0.0048275669430752,-0.0047138944453125,0.0155521029992776,0.0162508063966588,-0.0048698288739062,0.0253827519485355,0.0258456830001069,-0.0140680943898437,0.0267030644153537,0.0301821955618222,-0.0014873988930468,0.0097567972928508,0.0098695212082865
7976,9,STANDING,5,6,LAYING,0.7433333333333333,0.0,0.0,0.0,0.06333333333333334,0.19333333333333333,0.7433333333333333,STANDING,0.19333333333333333,STANDING,0.0007353748274218,0.0075813390307679,0.0076169204824687,-0.0019399039676562,0.0048288050290422,0.0052039009802485,-0.0088373362288281,0.0096552726539125,0.0130890336405232,-0.0071416680100781,0.0295883254028163,0.0304380094965016,-0.0062285526148437,0.0222618712061888,0.0231167856173132,-0.0037492250703124,0.0153353104459638,0.0157869704219001
7977,9,STANDING,5,6,LAYING,0.84,0.0,0.0,0.0,0.07666666666666666,0.08333333333333333,0.84,STANDING,0.08333333333333333,STANDING,0.0002794582226562,0.0060551009479246,0.0060615463693489,-0.0004454524895312,0.0050646926138213,0.0050842442105907,-0.0019679092241406,0.0059168790453295,0.0062355532514379,-0.0057193148257031,0.0242762972667281,0.024940913597101,0.0016071817242187,0.0170972538919381,0.0171726271647659,-0.0051847952226562,0.0152265853248599,0.016085117411947
7978,9,STANDING,5,6,LAYING,0.42333333333333334,0.0,0.0,0.0,0.35333333333333333,0.22333333333333333,0.42333333333333334,STANDING,0.35333333333333333,SITTING,-5.146152343749982e-06,0.0039048888233016,0.0039048922142909,0.0014552308067187,0.0032949689421044,0.0036020156898958,0.0021812331429687,0.0056167192156738,0.0060253890141388,-0.0011891189585937,0.0237935893635728,0.0238232848007997,0.0060219850625,0.0143702778325566,0.0155810522455269,-0.0039415249425781,0.0095619248870591,0.010342438127382
7979,9,STANDING,5,6,LAYING,0.56,0.0,0.0,0.0,0.24,0.2,0.56,STANDING,0.24,SITTING,-0.0007629039020312,0.0054041369292714,0.0054577209816964,0.0016367512096875,0.0031772042343731,0.0035740147270726,0.0026589481515625,0.0076995053423855,0.0081456975017564,-0.0017257010710937,0.0285261884826047,0.0285783392367692,0.0021386953062499,0.0178276421334917,0.0179554682938882,-0.0006834604941406,0.0120299489104524,0.0120493480751095
7980,9,STANDING,5,6,LAYING,0.7666666666666667,0.0,0.0,0.0,0.11333333333333333,0.12,0.7666666666666667,STANDING,0.12,STANDING,-0.0003442508442187,0.0055563859641242,0.0055670399339381,-0.0004576885113359,0.0036176208276339,0.0036464584497756,0.000726103536875,0.0080314334127305,0.0080641892964752,0.002446002545375,0.0218525587026986,0.0219890256788896,-0.00231415690625,0.0170634833146302,0.0172196917804997,0.0035016142929687,0.0119880335111093,0.0124889651340775
7983,9,STANDING,5,6,LAYING,0.43333333333333335,0.0,0.0,0.0,0.31333333333333335,0.25333333333333335,0.43333333333333335,STANDING,0.31333333333333335,SITTING,-0.0006626719867187,0.0031486765123482,0.0032176541053064,0.0003836106248671,0.0025217621003768,0.002550772667724,0.0083655343960937,0.0058812450394866,0.010226006500424,-0.0139399288832812,0.0214205643143727,0.0255570380290266,-0.0107492358226562,0.0125575592751523,0.0165299233428361,-0.0061676757707812,0.0068154088131744,0.0091918453916598
7993,9,SITTING,4,6,LAYING,0.47333333333333333,0.0,0.0,0.0,0.36666666666666664,0.16,0.47333333333333333,SITTING,0.36666666666666664,SITTING,-0.0090218260674218,0.0184917360561365,0.0205751706666222,0.0042714073914062,0.0354447636625238,0.0357012071531976,0.013252245951875,0.0398563240475186,0.0420017688835815,-0.0101614572039062,0.056278175381385,0.0571881826670926,-0.0159278400703124,0.0488574914594047,0.0513882336825392,0.0268143311061718,0.0279665185229434,0.0387444771672758
7994,9,SITTING,4,5,STANDING,0.43,0.0,0.0,0.0,0.4066666666666667,0.43,0.16333333333333333,SITTING,0.4066666666666667,SITTING,0.0030291708052343,0.006210399499736,0.0069097711766458,-0.0027703803078125,0.011442674644783,0.0117732667546555,-0.0104213241739062,0.0118207759298569,0.0157586402053453,-0.0026028162834375,0.0239584356120126,0.0240994043407774,-0.0258106258359374,0.0269360562892446,0.0373060254444254,0.0176628467217968,0.0135579040421163,0.0222664078003822
8002,9,SITTING,4,5,STANDING,0.5266666666666666,0.0,0.0,0.0,0.44,0.5266666666666666,0.03333333333333333,SITTING,0.44,SITTING,-0.0002014706613281,0.0022837863836576,0.0022926558122744,0.0012629465249218,0.0025744240342578,0.0028675238504634,0.0008867108890625,0.0071017959398926,0.0071569380165443,0.00023477455,0.0089418361969013,0.0089449177559965,0.0011879576281249,0.0127537939550812,0.0128090008812119,-0.0003991396282031,0.0068622998210998,0.00687389782274
8006,9,SITTING,4,5,STANDING,0.6166666666666667,0.0,0.0,0.0,0.34,0.6166666666666667,0.043333333333333335,SITTING,0.34,SITTING,-0.0007506254185937,0.0050303113238831,0.0050860073273862,0.0044770049242187,0.0086882650549147,0.0097739205417238,-0.0015351057035937,0.0128584130981484,0.0129497234303996,-0.044866333109375,0.034623133829709,0.0566722969613138,0.0316332583789062,0.0549100886726176,0.0633701891562694,-0.0044612214609375,0.0192515791525121,0.0197617255519088
8011,9,SITTING,4,5,STANDING,0.5666666666666667,0.0,0.0,0.0,0.35,0.5666666666666667,0.08333333333333333,SITTING,0.35,SITTING,-0.0018230688148437,0.0067721253659454,0.0070132205067099,0.0116493950791406,0.0172031711099539,0.0207763688345259,-0.0014498220888281,0.0151407033439044,0.0152099599551534,-0.0029278275328124,0.0290333206389551,0.0291805736987173,0.0035243622421874,0.035809342717245,0.0359823589423381,-0.0060785519835937,0.0294403481442736,0.0300613188844616
8012,9,SITTING,4,5,STANDING,0.5,0.0,0.0,0.0,0.44333333333333336,0.5,0.056666666666666664,SITTING,0.44333333333333336,SITTING,-0.0004258868437499,0.0073614388590679,0.0073737481432087,0.0011621336244531,0.0178765097184628,0.0179142444517032,0.0074193552705468,0.0209772786529976,0.0222506865583087,-0.0102427954132812,0.0290434280533082,0.0307966811680419,0.0139575681304687,0.0412237610176046,0.0435225479556661,0.0113907133734375,0.0227588281877615,0.0254501986561177
8042,9,WALKING,1,2,WALKING_UPSTAIRS,0.5666666666666667,0.4033333333333333,0.5666666666666667,0.02,0.0,0.0,0.01,WALKING,0.4033333333333333,WALKING,-0.0042552035914062,0.2398560989329209,0.2398938410066491,-0.0315230260390625,0.1459630407455971,0.1493281970505245,-0.017030498696875,0.1736845191476824,0.1745174778565915,0.0014287855851562,0.4367778328284084,0.4367801697404879,0.0968394609218749,0.3151895987968321,0.3297307452776392,0.0181498783203124,0.3603334321246683,0.3607902443107146
8044,9,WALKING,1,2,WALKING_UPSTAIRS,0.7033333333333334,0.2733333333333333,0.7033333333333334,0.023333333333333334,0.0,0.0,0.0,WALKING,0.2733333333333333,WALKING,0.0071228871570312,0.2467829523139803,0.2468857247275672,0.0087348089453125,0.1448982972368767,0.1451613358627475,-0.0030112339765624,0.1781280562687932,0.1781535067298984,0.097914566953125,0.5099540006915836,0.5192690489938425,-0.018366021703125,0.3845893010346343,0.3850275850163313,-0.04805182703125,0.3687290491011331,0.3718468632811994
8055,9,WALKING,1,2,WALKING_UPSTAIRS,0.6866666666666666,0.16333333333333333,0.6866666666666666,0.15,0.0,0.0,0.0,WALKING,0.16333333333333333,WALKING,-0.0183710942775,0.2382720037968985,0.238979172519996,-0.0218349016297656,0.1310536370602759,0.1328601472071593,-0.0205361193515625,0.1819756114791907,0.1831307057029131,-0.5931811696171875,0.5138490931105225,0.7847960183888045,0.1407803982734375,0.3366049615215667,0.3648589051386345,0.0327585827890625,0.2689259221304993,0.2709137802698254
8056,9,WALKING,1,2,WALKING_UPSTAIRS,0.5966666666666667,0.23333333333333334,0.5966666666666667,0.17,0.0,0.0,0.0,WALKING,0.23333333333333334,WALKING,-0.001918335386875,0.240693736288792,0.2407013807590539,-0.0080976411297656,0.1284365171441434,0.1286915332412522,0.0022022642265624,0.1693968446423806,0.1694111594391539,-0.4238909620078125,0.5011244332264484,0.6563606061064586,0.0395103661976562,0.3097108232284519,0.3122208562250739,0.0530502860625,0.2921436269303242,0.296921254893141
8067,9,WALKING,1,2,WALKING_UPSTAIRS,0.6533333333333333,0.3333333333333333,0.6533333333333333,0.013333333333333334,0.0,0.0,0.0,WALKING,0.3333333333333333,WALKING,0.0036877803921874,0.2119272881543355,0.2119593715518891,0.0145792158046875,0.1560854960352456,0.1567649055306968,0.0052067234015625,0.1480306878742503,0.148122228315348,0.1686320934375,0.363738236301635,0.4009267856915247,-0.0336404962265625,0.2951739894184927,0.2970847808548896,-0.0329528792890625,0.3248181529689338,0.3264854127699877
8075,9,WALKING_UPSTAIRS,2,1,WALKING,0.6533333333333333,0.6533333333333333,0.21666666666666667,0.13,0.0,0.0,0.0,WALKING_UPSTAIRS,0.21666666666666667,WALKING_UPSTAIRS,-0.01684466209375,0.1764106305725979,0.1772130165085913,0.0036784644093749,0.1271167363612554,0.1271699483508111,-0.0003689032109374,0.1100291556191516,0.1100297740424951,-1.0028063546875,0.3944386660842383,1.0775910385224747,0.1276492750781249,0.3263104745202673,0.3503895877585589,0.1442812591796874,0.3269899995153437,0.357406689268011
8076,9,WALKING_UPSTAIRS,2,1,WALKING,0.5733333333333334,0.5733333333333334,0.27,0.15666666666666668,0.0,0.0,0.0,WALKING_UPSTAIRS,0.27,WALKING_UPSTAIRS,-0.0031969912187499,0.1678278400825287,0.1678582874320467,-0.0122238948703125,0.1249820274187078,0.1255783850170525,-0.0153392141328125,0.1003525919843912,0.1015181471865891,-0.5319457146875001,0.4224495936065962,0.6792863185084574,0.0510339989843749,0.3064971645505459,0.3107168822736569,0.0430876992734375,0.3576914558656016,0.3602772924122914
8078,9,WALKING_UPSTAIRS,2,1,WALKING,0.6,0.6,0.28,0.056666666666666664,0.03,0.006666666666666667,0.02666666666666667,WALKING_UPSTAIRS,0.28,WALKING_UPSTAIRS,-0.0224951066179687,0.1244966187594878,0.1265125997847607,-0.0163493238429687,0.1094829788957669,0.110696987574248,-0.0209500308203125,0.1038745712071504,0.1059661754280176,-0.0620794862109374,0.3495498498386139,0.3550196616110317,0.0378959658046875,0.2288325686398075,0.231949237322657,-0.0464779018828125,0.3404000408003946,0.3435584129960125
8095,9,WALKING_UPSTAIRS,2,1,WALKING,0.69,0.69,0.25666666666666665,0.05,0.0033333333333333335,0.0,0.0,WALKING_UPSTAIRS,0.25666666666666665,WALKING_UPSTAIRS,0.0051841732578125,0.1734225641167417,0.1735000328449318,0.0093100491296875,0.1175031831431036,0.1178714344680633,0.024960977046875,0.1030230402897963,0.1060037603374881,0.0100591714843749,0.4917778779441112,0.4918807458786786,0.0339129315,0.3381870540583593,0.3398831717746487,-0.0040367601171874,0.3838143255481978,0.3838355532363589
8096,9,WALKING_UPSTAIRS,2,1,WALKING,0.5333333333333333,0.5333333333333333,0.43333333333333335,0.023333333333333334,0.0,0.0,0.01,WALKING_UPSTAIRS,0.43333333333333335,WALKING_UPSTAIRS,-0.0021455311015625,0.1750924100345049,0.175105554895894,0.0009922668171875,0.118443678118369,0.1184478344236158,0.00138752115625,0.1100144938119002,0.1100232432881692,0.2478833790132812,0.4193154330531453,0.487105329459234,0.003391680828125,0.3678466557721923,0.3678622917093102,0.004554311171875,0.4393322474371332,0.4393558527986314
8098,9,WALKING_UPSTAIRS,2,1,WALKING,0.43333333333333335,0.43333333333333335,0.4033333333333333,0.16333333333333333,0.0,0.0,0.0,WALKING_UPSTAIRS,0.4033333333333333,WALKING_UPSTAIRS,0.0091130034898437,0.2080838706957575,0.2082833264482173,-0.0190257930625,0.1309261749925622,0.1323013382390371,0.0012566167085937,0.1024916551887615,0.1024993583827933,-0.4114554528515625,0.4726099384206174,0.6266224888840363,0.016029586421875,0.3241741259673216,0.3245701951620531,0.0474053330703125,0.4307494854238031,0.4333501872578094
8115,9,STANDING,5,6,LAYING,0.43,0.06333333333333334,0.11,0.023333333333333334,0.16666666666666666,0.20666666666666667,0.43,STANDING,0.20666666666666667,STANDING,0.0179126229789062,0.0483969461004841,0.0516054886018688,-0.0358039443828125,0.0844394185071792,0.0917166169851357,0.067688667565625,0.0626616573603123,0.092240116109808,-0.069296802265625,0.3054941626057853,0.3132550561291088,0.0491262989320312,0.2021959620370723,0.2080783513748042,0.07695806528125,0.1707411496098211,0.1872834322141615
8123,9,STANDING,5,6,LAYING,0.43333333333333335,0.0,0.0,0.0,0.14,0.4266666666666667,0.43333333333333335,STANDING,0.4266666666666667,STANDING,9.421501562499992e-06,0.0070391694886179,0.0070391757936693,0.0003595806350781,0.0064225386335581,0.0064325967332539,0.002943620309875,0.009502963088827,0.0099484274132306,-0.0058917358601562,0.0512762294146737,0.0516136053229389,0.0018519326429687,0.0255396827539211,0.0256067383648334,0.0045805923647109,0.0207442720056976,0.0212439790872147
8126,9,STANDING,5,6,LAYING,0.5033333333333333,0.0033333333333333335,0.0033333333333333335,0.0033333333333333335,0.29333333333333333,0.19333333333333333,0.5033333333333333,STANDING,0.29333333333333333,SITTING,0.0074528239273437,0.0216055416516717,0.0228548466316033,-0.0098780142570312,0.0436535852858294,0.0447572415813273,0.058242851299375,0.0715405709483706,0.0922511952177312,-0.0326032178046875,0.1925097810085551,0.1952510834673696,0.1980976022874999,0.1828753592397953,0.2696035182432542,0.1185645979765624,0.1329605590954986,0.1781462157002821
8127,9,STANDING,5,4,SITTING,0.4666666666666667,0.0,0.0,0.0,0.4666666666666667,0.24333333333333335,0.29,STANDING,0.29,LAYING,0.0012806141365624,0.0130197305320667,0.0130825592180732,0.0079801011726562,0.0264752679473315,0.0276517961009557,-0.0031787578507812,0.0288834031235088,0.0290577954681531,-0.0164176337109374,0.0959170516368992,0.0973119699285863,0.0946249082015625,0.101219530294616,0.1385614180254259,0.0777651293046875,0.080726381330109,0.1120899816149014
8128,9,STANDING,5,4,SITTING,0.6,0.0,0.0,0.0,0.6,0.25,0.15,STANDING,0.25,STANDING,-0.0008228544860937,0.0075769337060141,0.0076214837066425,0.0010190177289062,0.0195082970027656,0.0195348931166756,-0.0022219816150781,0.0189140183211187,0.0190440880944549,0.015190284171875,0.0350617962252711,0.038210918436551,0.03340915688125,0.0478364682661641,0.0583480887407265,0.0447849756476562,0.0398587942343078,0.0599534612976937
8131,9,STANDING,5,6,LAYING,0.5566666666666666,0.0,0.0,0.0,0.14,0.30333333333333334,0.5566666666666666,STANDING,0.30333333333333334,STANDING,-0.0001909158390624,0.0143905341302238,0.01439180049232,0.0056128691988281,0.0084932066018172,0.0101803172359365,-0.0021654661628125,0.017245076231093,0.0173805033850719,-0.0047952656929687,0.0626910993645446,0.0628742277296618,-0.0114112207429687,0.0462457179994444,0.047632786944802,-0.0118437632921875,0.0302299527735858,0.0324672877465087
8132,9,STANDING,5,6,LAYING,0.51,0.0,0.0,0.0,0.19333333333333333,0.2966666666666667,0.51,STANDING,0.2966666666666667,STANDING,-0.0006371808507812,0.0181901188976074,0.0182012753659104,0.0047441102023437,0.0091085437122649,0.0102699634941037,-0.00451160844375,0.0195911959475593,0.0201039689963296,-0.009513663453125,0.0663851521144205,0.0670633895173371,-0.0092558459617187,0.0588503296961187,0.0595737525241522,-0.00447632089,0.0410890835908693,0.0413321937362112
8133,9,STANDING,5,6,LAYING,0.7533333333333333,0.0,0.0,0.0,0.12333333333333334,0.12333333333333334,0.7533333333333333,STANDING,0.12333333333333334,SITTING,-3.7982127187500105e-05,0.0115181297880345,0.0115181924127006,-0.000500993255625,0.0053262494904591,0.0053497596092532,-0.00171379125625,0.0123915644874413,0.0125095144156924,0.0050193119664062,0.0317074291719042,0.0321022515924885,0.0019291359442968,0.0383599381211914,0.0384084159807875,0.0004352385490624,0.0284605086279231,0.0284638364236917
8135,9,STANDING,5,4,SITTING,0.4066666666666667,0.0,0.0,0.0,0.4066666666666667,0.4,0.19333333333333333,STANDING,0.4,STANDING,4.440203906249995e-05,0.0029346335703345,0.0029349694603534,0.0001668886929609,0.0033537025121421,0.0033578523457392,-0.001002734710875,0.0091806347928485,0.009235233191428,0.0018207036395312,0.0191774292809357,0.0192636641262323,-0.0049477689,0.0129338255978133,0.0138478973740586,-0.0005201169234374,0.0070247253926147,0.0070439540356033
8138,9,SITTING,4,5,STANDING,0.5333333333333333,0.0,0.0,0.0033333333333333335,0.31,0.5333333333333333,0.15333333333333332,SITTING,0.31,SITTING,0.0040485820009375,0.0169189034494171,0.0173965602964786,-0.0033560555812499,0.0646509062616541,0.0647379547832462,0.043040373296875,0.1242307764556235,0.131475319175507,0.0146633339125,0.0723274271179109,0.0737988487371327,-0.085894700515625,0.0479548153858012,0.0983746100137387,-0.095901792265625,0.0457375663425255,0.106250076398542
8140,9,SITTING,4,5,STANDING,0.6366666666666667,0.0,0.0,0.0,0.33666666666666667,0.6366666666666667,0.02666666666666667,SITTING,0.33666666666666667,SITTING,0.0003815024580468,0.0031946284778014,0.0032173273437242,-0.0031222551552343,0.0087147708583969,0.0092571976520301,0.0052628887945312,0.0106545272703538,0.011883473811067,0.0132828425804687,0.022013108359022,0.0257101312062688,-0.0343022447414062,0.0256764295657072,0.0428476723935158,-0.02961230332,0.0277802373939834,0.0406033261886481
8143,9,SITTING,4,2,WALKING_UPSTAIRS,0.46,0.17666666666666667,0.46,0.03,0.09333333333333334,0.056666666666666664,0.18333333333333332,SITTING,0.18333333333333332,LAYING,-0.047998017484375,0.1116934187003231,0.1215698542542355,-0.0439007192265624,0.1461608393741467,0.1526114809415222,0.0729692263515625,0.2255991758352194,0.2371065079913999,0.0380567191382812,0.1147375969883068,0.1208843663763893,0.0644961620234375,0.3821599601989746,0.3875641754536084,0.0387160698515625,0.2491824169329399,0.2521721851697617
8144,9,SITTING,4,2,WALKING_UPSTAIRS,0.38666666666666666,0.12,0.38666666666666666,0.016666666666666666,0.09,0.14,0.24666666666666667,SITTING,0.24666666666666667,LAYING,-0.12431267890625,0.0908913360101221,0.1539963541729262,-0.0938317276070312,0.1213884582032199,0.1534260437170788,0.1990043531484375,0.1647897177671455,0.2583764378843464,0.0216929044765625,0.18890137235285,0.1901428688681733,0.1431641297421875,0.3045217143019865,0.3364958283935457,0.0905871897421875,0.2141884914905134,0.2325569797541428
8145,9,SITTING,4,6,LAYING,0.7066666666666667,0.006666666666666667,0.006666666666666667,0.0033333333333333335,0.17,0.10666666666666667,0.7066666666666667,SITTING,0.17,SITTING,-0.0722374178164062,0.076839553034207,0.1054635550476028,-0.0329277304898437,0.0717057971156293,0.0789047322737969,0.0962828761640625,0.1210215319426229,0.1546499383645641,-0.0236308752398437,0.1565885870476835,0.1583616236914456,-0.107707959546875,0.1026494928870219,0.1487881814517337,-0.0604653413359375,0.0914421497612186,0.1096253814398133
8149,9,SITTING,4,6,LAYING,0.7033333333333334,0.0,0.0,0.0,0.19666666666666666,0.1,0.7033333333333334,SITTING,0.19666666666666666,SITTING,-0.0062944405331249,0.0164519086695745,0.0176149164203827,-0.0008336364230468,0.013727357452694,0.0137526467387141,0.0059928253460937,0.016264270579291,0.0173332181981643,0.0027777020221093,0.0349898170372384,0.0350998992138588,0.0059906382468749,0.0514642386448777,0.0518117323190592,0.0034395119435937,0.0305747414153878,0.0307675974854709
8150,9,SITTING,4,6,LAYING,0.44333333333333336,0.0033333333333333335,0.01,0.0033333333333333335,0.4266666666666667,0.11333333333333333,0.44333333333333336,SITTING,0.4266666666666667,SITTING,-0.0165299407640625,0.0228256216922302,0.0281824049239987,-0.0027959073042265,0.0357890385421393,0.0358980831998668,0.0066599319906249,0.037127686092913,0.0377202832536241,-0.25482703671875,0.0801024864315639,0.2671202481568517,0.37535882890625,0.1184803701518085,0.3936138317554161,0.077365240625,0.0382583064255295,0.0863080440487088
8152,9,SITTING,4,5,STANDING,0.4266666666666667,0.0,0.0,0.0,0.39666666666666667,0.4266666666666667,0.17666666666666667,SITTING,0.39666666666666667,SITTING,0.0014496977835937,0.0106658893876028,0.0107639593130193,-3.669329625000014e-05,0.0166705457050118,0.0166705860875038,0.0011411616434375,0.0156183052087216,0.0156599395748909,-0.0657513954140625,0.0490518112533236,0.0820324703158943,0.0745347644546874,0.0697824394226273,0.1021029870478253,0.0210217962789062,0.0386107795426131,0.0439625774458244
8153,9,SITTING,4,5,STANDING,0.5133333333333333,0.0,0.0,0.0,0.20333333333333334,0.5133333333333333,0.2833333333333333,SITTING,0.2833333333333333,LAYING,-8.439039560937495e-05,0.0087264524203347,0.0087268604654387,-0.0044951912325,0.0090943374875342,0.0101446398927668,0.0006442554765625,0.0120388830081142,0.012056109206628,-0.0134078852914062,0.0304551395456957,0.0332759209149094,0.0037439409835937,0.0286642352391776,0.0289077061686939,-0.0001158166585156,0.0253589364698375,0.0253592009412688
8154,9,SITTING,4,5,STANDING,0.6566666666666666,0.0,0.0,0.0,0.26,0.6566666666666666,0.08333333333333333,SITTING,0.26,SITTING,0.0001489372082187,0.0030284487269712,0.0030321088344395,0.003354842738125,0.0053775237170971,0.0063381962044017,-0.0012848877284375,0.0082352106207354,0.008334844356229,0.0092623367361718,0.0183672147880864,0.020570499772391,-0.0169557983406249,0.0210414101107912,0.0270229538877312,-0.0087325314560937,0.010119633612712,0.0133665287224169
8155,9,SITTING,4,5,STANDING,0.7333333333333333,0.0,0.0,0.0,0.26,0.7333333333333333,0.006666666666666667,SITTING,0.26,SITTING,7.108748585937504e-05,0.0028369129233049,0.0028378034401734,0.002867953238125,0.0087330642193141,0.0091919294185027,-0.0007138372150781,0.0097368875779201,0.0097630191679975,0.0134762544673437,0.0220716893551987,0.0258605666113678,-0.0279014270164062,0.025786825262431,0.037992762293192,-0.0057468299702343,0.0155164437063667,0.0165464824056242
8156,9,SITTING,4,6,LAYING,0.4166666666666667,0.0,0.0,0.0,0.25666666666666665,0.32666666666666666,0.4166666666666667,SITTING,0.32666666666666666,STANDING,-3.753728344531239e-05,0.0063020611091605,0.0063021729007733,-0.0012828322604687,0.0081161262841051,0.0082168828924381,0.0014761677719531,0.0120047936133729,0.0120952114901159,0.0130380786444531,0.0245468281561703,0.0277945726225013,-0.0115761179914062,0.0353285865819583,0.0371768145169793,-0.0004467224335937,0.0145111242989106,0.0145179988066919
8157,9,SITTING,4,6,LAYING,0.8333333333333334,0.0,0.0,0.0,0.09666666666666666,0.07,0.8333333333333334,SITTING,0.09666666666666666,SITTING,0.0001210575274921,0.0061874879148542,0.0061886720402223,-0.00013049973125,0.0050826795513569,0.0050843545904704,0.0014894080218749,0.0108662676635375,0.0109678671213352,0.0060698679984375,0.0228381998540785,0.0236310530889609,-0.0006700691718749,0.0262398784127626,0.0262484325591389,-0.0018242328711718,0.009803248486497,0.0099715348094599
8158,9,SITTING,4,6,LAYING,0.41333333333333333,0.0,0.0,0.0,0.36666666666666664,0.22,0.41333333333333333,SITTING,0.36666666666666664,SITTING,0.0008065770124999,0.0191510130790256,0.0191679907249065,0.0047160983603906,0.0156480348745982,0.0163432732089236,0.014146618340625,0.0318192414208845,0.0348222764200711,-0.0018787884031249,0.0421721530552912,0.0422139827448515,0.0086252297742187,0.0901716511581281,0.0905832283661893,-0.0049793027963281,0.0202976650566621,0.0208994895413731
8161,9,SITTING,4,5,STANDING,0.7166666666666667,0.0,0.0,0.0,0.14333333333333334,0.7166666666666667,0.14,SITTING,0.14333333333333334,SITTING,0.0002701198384375,0.0066835495629588,0.0066890058669166,-0.0003053162203124,0.0128830562254653,0.0128866735701222,-0.0061293400125,0.0203230004849142,0.0212271796925229,-0.0035718182314843,0.0395227225593092,0.039683793719589,0.0056592990476562,0.0210981874511412,0.0218440193058488,0.0017317340812499,0.0250103203302611,0.0250702019527253
8162,9,SITTING,4,5,STANDING,0.68,0.0,0.0,0.0,0.19,0.68,0.13,SITTING,0.19,SITTING,0.0005575159000781,0.0035477124847551,0.0035912515719909,-0.0033659392582812,0.0053078048772995,0.006285088679241,0.0070445384414062,0.0074086505423826,0.0102231905348378,0.0023693677849218,0.0158449704816794,0.0160211420711982,0.0055711314171874,0.0114627356535053,0.0127448740256511,0.0049678647967968,0.0104729470593351,0.0115914753481552
8182,9,LAYING,6,5,STANDING,0.44333333333333336,0.0,0.0,0.0,0.15,0.44333333333333336,0.4066666666666667,LAYING,0.4066666666666667,LAYING,0.0011137359875,0.015824058911807,0.0158632042253194,0.0033432276349218,0.0166781986885274,0.017009981849282,0.0017401995289062,0.0154780518825394,0.0155755701173019,-0.003035610915625,0.0488366984208028,0.0489309518227012,-0.0046201370992187,0.0662931558264888,0.0664539553093019,0.0045156169853515,0.0332747769470846,0.0335797792970208
8183,9,LAYING,6,5,STANDING,0.4533333333333333,0.0,0.0,0.0,0.13666666666666666,0.4533333333333333,0.41,LAYING,0.41,LAYING,0.0023871175431015,0.0156168846413927,0.0157982725659216,0.0002780697365625,0.016858198193987,0.0168604913666873,-0.0006545007781249,0.0157674317033037,0.0157810099102343,-0.0028193941328124,0.0498697110030415,0.0499493449286676,-0.0024223134507812,0.0660642933742871,0.0661086867325143,0.0037197859089062,0.0338591977121862,0.0340629135119269
8187,9,LAYING,6,5,STANDING,0.47333333333333333,0.0,0.0,0.0,0.07333333333333333,0.47333333333333333,0.4533333333333333,LAYING,0.4533333333333333,LAYING,0.0091372372939062,0.0195474687264969,0.0215775957645547,-0.0062921931734375,0.0244340950452603,0.0252312642491942,-0.0039989895929687,0.0154420334591962,0.0159514361459903,-0.00902541603125,0.0780210431804111,0.0785413350631164,-0.0038173811976562,0.0787242656726708,0.0788167647452588,-0.0053004364289062,0.0451777113615181,0.045487583253032
8188,9,LAYING,6,5,STANDING,0.5233333333333333,0.0,0.0,0.0,0.06666666666666667,0.5233333333333333,0.41,LAYING,0.41,LAYING,0.0073501082398437,0.0181227115474969,0.0195565018592589,-0.0152217412184375,0.0239732298449317,0.0283974850104547,-0.0046281893126562,0.0161539411156027,0.0168038671108809,-0.039860301421875,0.0951170824654379,0.1031314840685406,-0.0041222893921875,0.0656213611416614,0.0657507133643225,0.0023576585289062,0.0336139029975879,0.0336964839185066
8189,9,WALKING,1,2,WALKING_UPSTAIRS,0.6066666666666667,0.23666666666666666,0.6066666666666667,0.15666666666666668,0.0,0.0,0.0,WALKING,0.23666666666666666,WALKING,-0.00560053809375,0.2664018670515573,0.2664607303065409,0.024748679640625,0.132843685953105,0.1351293529976424,-0.0059729944007812,0.1719968691129431,0.172100550977522,-0.62081634375,0.4016619161893632,0.7394222255139679,0.06851052759375,0.4961161132753692,0.500824210918994,0.173732359890625,0.3627399118398635,0.402197932012035
8190,9,WALKING,1,2,WALKING_UPSTAIRS,0.4866666666666667,0.25333333333333335,0.4866666666666667,0.26,0.0,0.0,0.0,WALKING,0.26,WALKING_DOWNSTAIRS,0.0054816449453125,0.2698455470805274,0.2699012184309207,0.0039532788804687,0.1273128916010918,0.1273742547838381,0.0066191069453125,0.1729194734636638,0.1730461120040096,-0.301582867625,0.539361322711191,0.6179505340087375,-0.0355503421249999,0.4580721703843623,0.4594496056216011,0.0393851351195312,0.4165961508017043,0.4184537510062254
8191,9,WALKING,1,3,WALKING_DOWNSTAIRS,0.3933333333333333,0.3433333333333333,0.2633333333333333,0.3933333333333333,0.0,0.0,0.0,WALKING,0.3433333333333333,WALKING,-0.00758878121875,0.2777327415179639,0.2778364002636627,-0.00247329950625,0.1366375791454263,0.1366599621146232,-0.0172876632476562,0.1731223808804398,0.1739833959384528,-0.0877905445625,0.5706313283835648,0.577345037778426,-0.0390880478984374,0.546117467239415,0.5475145326952555,0.0268510537445312,0.4106740250784966,0.4115508886655031
8194,9,WALKING,1,2,WALKING_UPSTAIRS,0.76,0.20333333333333334,0.76,0.03666666666666667,0.0,0.0,0.0,WALKING,0.20333333333333334,WALKING,0.001837312765625,0.2426528853215754,0.2426598410802339,0.0098505805859375,0.1430146847745455,0.1433535280313766,0.0108143283984375,0.1724858526564934,0.1728245325911423,0.103571187625,0.490513509925421,0.5013287288051713,-0.0055539806507812,0.4791704662515469,0.4792026527772922,-0.044056030453125,0.4115680290076457,0.4139192872052775
8197,9,WALKING,1,2,WALKING_UPSTAIRS,0.58,0.33666666666666667,0.58,0.08333333333333333,0.0,0.0,0.0,WALKING,0.33666666666666667,WALKING,-0.0016948832968749,0.2632679196497792,0.2632733753080866,-0.0037324647890624,0.153196264046048,0.1532417260770318,0.0003285109999999,0.2029352927122365,0.2029355586083382,0.1039258623157031,0.4122634770445363,0.4251608629247445,0.0437470577187499,0.551860367649811,0.5535916098006112,-0.011575100859375,0.3820420740736717,0.382217384903431
8198,9,WALKING,1,2,WALKING_UPSTAIRS,0.43,0.24,0.43,0.33,0.0,0.0,0.0,WALKING,0.33,WALKING_DOWNSTAIRS,0.0016249545234374,0.2809203663235312,0.280925065974096,-0.0044364435257812,0.1447745783412616,0.1448425371396384,0.0178246524921875,0.1968854839521685,0.197690697878142,0.0885721106696093,0.4634520039437004,0.4718397808026588,0.0137360797890624,0.5286778623211467,0.5288562772591706,-0.045743126125,0.4259433347728793,0.4283925279753707
8199,9,WALKING,1,3,WALKING_DOWNSTAIRS,0.36666666666666664,0.36,0.2733333333333333,0.36666666666666664,0.0,0.0,0.0,WALKING,0.36,WALKING,-0.005993637640625,0.2706982853817637,0.2707646310004206,0.0086961503414062,0.1356748099785193,0.1359532165616822,-0.0033343075781249,0.1811533851324641,0.1811840681516353,-0.0334138810914062,0.4129849581618576,0.4143344821729684,-0.0251170337421874,0.4811452995966132,0.4818004407510654,-0.006044872609375,0.4041665811979998,0.4042117834033824
8200,9,WALKING,1,2,WALKING_UPSTAIRS,0.4633333333333333,0.30666666666666664,0.4633333333333333,0.23,0.0,0.0,0.0,WALKING,0.30666666666666664,WALKING,-0.0070518222656249,0.2667920231124757,0.2668852033997271,0.0056679307109375,0.1269474896100577,0.1270739570362067,-0.0090220099929687,0.1746919367425726,0.1749247536147592,-0.0930334901875,0.4084392978072099,0.4189008119945751,-0.0297855827109374,0.4500101175350243,0.4509947747162006,0.05249451165625,0.3727588130606639,0.3764369887091637
8202,9,WALKING,1,2,WALKING_UPSTAIRS,0.5933333333333334,0.20333333333333334,0.5933333333333334,0.19666666666666666,0.0,0.0,0.006666666666666667,WALKING,0.20333333333333334,WALKING,0.0137688027945312,0.2585420803828681,0.2589084534330544,-0.00198116959375,0.1317344314590672,0.1317493281379563,-0.0056117359609375,0.17780899037159,0.1778975228536347,-0.635010677578125,0.2793206742097286,0.6937280444664226,-0.0029755625,0.4768177479147526,0.4768270322650426,0.230591096265625,0.3422367063604699,0.4126720451611003
8203,9,WALKING,1,2,WALKING_UPSTAIRS,0.58,0.27,0.58,0.15,0.0,0.0,0.0,WALKING,0.27,WALKING,0.0037343603570312,0.2661936935081557,0.2662198863924145,-0.007992109703125,0.1327481032464592,0.132988468421286,-0.0014421943906249,0.1938392993629359,0.1938446643634387,-0.3948177224453125,0.4174983032715499,0.5746180185057956,0.0121122876953124,0.4761472750296304,0.4763013069805252,0.1295150890078125,0.373063586864049,0.3949058091805835
8204,9,WALKING,1,3,WALKING_DOWNSTAIRS,0.37,0.3233333333333333,0.30666666666666664,0.37,0.0,0.0,0.0,WALKING,0.3233333333333333,WALKING,-0.0015085593671874,0.2686182050384226,0.2686224410383994,-0.01096581809375,0.1162739889125328,0.1167899381971624,0.0124151531328125,0.1864351410123759,0.1868480608184513,-0.0697803755703125,0.4262028575873714,0.4318775018803075,0.03420477965625,0.4368021736694737,0.4381393680938859,-0.0132274725859374,0.3521047722495896,0.3523531419924435
8205,9,WALKING,1,2,WALKING_UPSTAIRS,0.54,0.19,0.54,0.27,0.0,0.0,0.0,WALKING,0.27,WALKING_DOWNSTAIRS,-0.0017310765523437,0.265675290977456,0.2656809305576634,-0.003900871375,0.109082138658006,0.1091518656354015,-0.0029118072632812,0.1651312984432058,0.1651569688117264,0.1284725066796875,0.4105564015058713,0.4301880330623023,-0.0446842712453125,0.4597473878491181,0.4619137849543052,-0.022811519859375,0.3536014184227607,0.3543364623474177
8207,9,WALKING,1,2,WALKING_UPSTAIRS,0.45,0.16,0.45,0.39,0.0,0.0,0.0,WALKING,0.39,WALKING_DOWNSTAIRS,0.006675674171875,0.281200038453418,0.2812792673693759,0.0034533400703125,0.1374125142694178,0.1374559006935831,-0.0062961642890624,0.1744679667877543,0.1745815371676164,-0.136184400740625,0.3786898841724467,0.4024328756198035,0.0400010513984375,0.4985836060858014,0.5001856619001609,0.0263068539921875,0.3627822085110028,0.3637347678997527
8208,9,WALKING,1,3,WALKING_DOWNSTAIRS,0.4766666666666667,0.19,0.3333333333333333,0.4766666666666667,0.0,0.0,0.0,WALKING,0.3333333333333333,WALKING_UPSTAIRS,-0.0106479426875,0.2854893647220921,0.285687864728098,-0.0007687561953124,0.1306177139715715,0.130619976225871,0.0079349344375,0.1768719351135164,0.1770498365300782,0.055018906796875,0.4453813367513666,0.4487667715323377,0.0344615481671875,0.5228165884570931,0.5239511269841806,-0.032271150421875,0.3780191771340381,0.3793941557676483
8209,9,WALKING,1,2,WALKING_UPSTAIRS,0.6266666666666667,0.08333333333333333,0.6266666666666667,0.29,0.0,0.0,0.0,WALKING,0.29,WALKING_DOWNSTAIRS,0.0053467240320312,0.2789906922836085,0.2790419212927725,0.0065052233484375,0.1241647403584909,0.1243350339972789,0.0008625443828125,0.176776733392289,0.1767788376804779,0.15054197625,0.4343975059435326,0.4597434934647982,-0.0103091454812499,0.4521535107698834,0.452271020276653,-0.0448184192421875,0.3734685498947997,0.3761481735485272
8210,9,WALKING,1,3,WALKING_DOWNSTAIRS,0.5133333333333333,0.30666666666666664,0.18,0.5133333333333333,0.0,0.0,0.0,WALKING,0.30666666666666664,WALKING,-0.0067309009054687,0.2766722060094793,0.2767540688140844,0.0090144513414062,0.133716239995518,0.1340197491846838,-0.0066140707671874,0.173233653868621,0.1733598706874995,-0.0248707477421874,0.4602159091860812,0.4608874452197921,-0.0057196680078125,0.4902488933194007,0.4902822574833978,0.01585610461875,0.3729968170851681,0.3733336866790178
8211,9,WALKING,1,3,WALKING_DOWNSTAIRS,0.39,0.2633333333333333,0.3466666666666667,0.39,0.0,0.0,0.0,WALKING,0.3466666666666667,WALKING_UPSTAIRS,0.003043760640625,0.2718950325548659,0.2719120688878098,0.0043980917335937,0.1381334655284639,0.1382034641743847,-0.0046696731765624,0.1850481168932346,0.1851070269149935,-0.1176325042109374,0.412549172075502,0.4289921041547483,-0.0331525180390624,0.4819413382629492,0.483080265565685,0.044689247525,0.352303173315629,0.3551262518775722
8213,9,WALKING,1,3,WALKING_DOWNSTAIRS,0.45666666666666667,0.18666666666666668,0.3566666666666667,0.45666666666666667,0.0,0.0,0.0,WALKING,0.3566666666666667,WALKING_UPSTAIRS,-0.00342067578125,0.2757640963276936,0.2757853111502314,0.002673598796875,0.122276614840892,0.1223058406923991,0.0084350571015625,0.1809773509106939,0.1811738163503741,0.0540430251718749,0.3794757977452357,0.3833047477453299,0.0108487249140624,0.5263519207661156,0.526463711310134,-0.047376381578125,0.3525386730186726,0.3557077979257732
8214,9,WALKING,1,3,WALKING_DOWNSTAIRS,0.57,0.26666666666666666,0.16333333333333333,0.57,0.0,0.0,0.0,WALKING,0.26666666666666666,WALKING,0.01566311090625,0.2816417776711954,0.282076982352429,0.00724634153125,0.1270826550860328,0.1272890831505322,0.0064583345468749,0.1786094061661047,0.1787261314305435,0.0116434935546874,0.4753586841004587,0.475501261293677,-0.0111564724453125,0.5287000771257013,0.5288177743137475,-0.00268441571875,0.385004194356941,0.3850135526967698
8244,9,WALKING_UPSTAIRS,2,3,WALKING_DOWNSTAIRS,0.42,0.17,0.39,0.42,0.0033333333333333335,0.0,0.016666666666666666,WALKING_UPSTAIRS,0.39,WALKING_UPSTAIRS,-0.0132288644600781,0.2575219865788178,0.2578615450710011,0.0139804872382812,0.089605107545813,0.0906891907655838,-0.0081459768234375,0.1786626040955866,0.1788482122936215,-0.48547482028125,0.6197372421771207,0.7872484045512034,-0.0396732791484375,0.6343166149949946,0.6355560849658337,0.1434518408046875,0.2776700850119427,0.3125365686456433
8259,10,STANDING,5,6,LAYING,0.39666666666666667,0.0033333333333333335,0.0,0.0,0.26666666666666666,0.3333333333333333,0.39666666666666667,STANDING,0.3333333333333333,STANDING,0.0036123019699218,0.0155114535098044,0.0159265161133477,0.0136874057828124,0.04298423466812,0.0451108579730798,0.0299842558046875,0.0339083834974222,0.0452640482896657,-0.0126562915820312,0.246120826967682,0.2464460248895588,-0.0089034432429687,0.0487236645367543,0.0495304632268964,0.0619772308289062,0.0662810887315359,0.0907433736680385
8270,10,STANDING,5,6,LAYING,0.6333333333333333,0.0,0.0,0.0,0.04,0.32666666666666666,0.6333333333333333,STANDING,0.32666666666666666,STANDING,-0.0004032686029687,0.0048576413222757,0.0048743517294119,-0.0001736524101562,0.0062056148771737,0.0062080440690569,-0.0008997910231249,0.0052753019933054,0.0053514890456647,0.0011315997742187,0.0272851861848465,0.0273086415478828,0.0003704554824218,0.0083273603293407,0.0083355963985268,-0.0043753616658593,0.0090528981901249,0.0100547876828821
8291,10,SITTING,4,6,LAYING,0.5166666666666667,0.0,0.0,0.0,0.48,0.0033333333333333335,0.5166666666666667,SITTING,0.48,SITTING,0.0002526337482578,0.0025413567460949,0.0025538829107225,-0.0003859073866406,0.0025510193903594,0.0025800434959615,0.0008656918965624,0.0040670508301183,0.0041581636469167,-0.0008100395525,0.0034482868192505,0.0035421527443677,0.000228567380625,0.0045769300279509,0.0045826336890749,-0.0013075796121093,0.0043614470505827,0.0045532389369591
8292,10,SITTING,4,6,LAYING,0.5833333333333334,0.0,0.0,0.0,0.41333333333333333,0.0033333333333333335,0.5833333333333334,SITTING,0.41333333333333333,SITTING,-0.0002641027697656,0.0026768574828835,0.0026898543188558,-0.0004243591924999,0.0027718027598256,0.0028040990110259,0.0005977057957031,0.0045407493148894,0.0045799188375872,-0.0007168139595312,0.0030936620737121,0.0031756207706373,0.0009309209991406,0.0045215726687824,0.0046164091354343,0.000440335199375,0.0052611682333932,0.0052795630754708
8297,10,SITTING,4,6,LAYING,0.42,0.0,0.0,0.0,0.2966666666666667,0.2833333333333333,0.42,SITTING,0.2966666666666667,SITTING,-0.002873736736875,0.0024042579402754,0.0037468412131077,0.0049493001719531,0.0032217438062511,0.0059055232913953,0.001635272391875,0.0046431147836641,0.004922664998749,-0.0122056821660937,0.0139424370244201,0.018530251679878,0.0066824763027734,0.0042996214288569,0.0079462087795762,-0.0013248934992187,0.0193029530423316,0.0193483678623995
8319,10,LAYING,6,4,SITTING,0.72,0.0,0.0,0.0,0.72,0.0033333333333333335,0.27666666666666667,LAYING,0.27666666666666667,LAYING,-0.000738034095,0.0034337344355075,0.0035121541109371,0.0007647407925625,0.0026511083294705,0.002759203481876,-0.0005028566619531,0.005445530492805,0.005468698855353,-0.0009045236617187,0.0029397730083183,0.0030757809406793,0.0045710888960937,0.0112689043206762,0.012160717835907,-0.0005436115909374,0.0041743879767304,0.0042096352029686
8320,10,LAYING,6,4,SITTING,0.5633333333333334,0.0,0.0,0.0,0.5633333333333334,0.006666666666666667,0.43,LAYING,0.43,LAYING,-0.0021957435485937,0.0032211756056393,0.003898366582757,-0.0003765768882031,0.0031203143118246,0.0031429558630859,0.0018412639945312,0.0054112275796805,0.0057159108650023,-0.0006081361870312,0.0041526506758492,0.0041969437996723,0.001552988765625,0.0148042212070294,0.0148854539619326,-0.0007233751846875,0.0044430540680668,0.0045015554100318
8324,10,LAYING,6,5,STANDING,0.58,0.0,0.0,0.0,0.31666666666666665,0.58,0.10333333333333333,LAYING,0.31666666666666665,SITTING,-0.0014559429369531,0.0052782858129779,0.0054754060086122,0.0030513882536718,0.0083241795277351,0.0088658296331822,-0.0010140711285937,0.0117186653231069,0.0117624596581172,-0.0548518559375,0.0482158836567351,0.073030798548202,0.0097885385974765,0.0225604877653621,0.0245925008099084,0.0240514363046875,0.0159726989158652,0.0288721093613771
8325,10,LAYING,6,5,STANDING,0.91,0.0,0.0,0.0,0.06666666666666667,0.91,0.023333333333333334,LAYING,0.06666666666666667,SITTING,0.0008009446779687,0.0022433018397022,0.0023819982202297,0.0039313572554687,0.0107401924457411,0.011437102064845,0.0004081206007812,0.006478329171846,0.0064911717958757,-0.0368827593621093,0.0249211217809181,0.0445129222696355,-0.0111974958040859,0.0058373361476076,0.0126276840941911,0.0034459441299218,0.0087797312453999,0.009431766095912
8326,10,LAYING,6,5,STANDING,0.6933333333333334,0.0,0.0,0.0,0.11666666666666667,0.6933333333333334,0.19,LAYING,0.19,LAYING,0.0010442977744531,0.0022777021815427,0.0025056905374631,0.013734627004375,0.0126074724195634,0.0186437211886297,0.0046153084867187,0.0070146691771814,0.0083968241670811,-0.0085546692042968,0.0372943177727134,0.0382628867615483,-0.014621764375,0.003490005246571,0.0150325024549844,-0.0055758545427343,0.0041148480552846,0.0069298000259611
8327,10,LAYING,6,5,STANDING,0.6733333333333333,0.0,0.0,0.0,0.09333333333333334,0.6733333333333333,0.23333333333333334,LAYING,0.23333333333333334,LAYING,7.168684398437501e-05,0.0023952702490427,0.0023963427487632,-0.0050589417440625,0.0240365894692099,0.0245631945170239,-0.0017752056882812,0.009557952922631,0.0097214103558556,0.0247737184078125,0.0184928446010236,0.0309147606360974,-0.012312732453125,0.00406188958613,0.0129654281638574,-0.0064865861476562,0.0032434286943348,0.0072522844363828
8329,10,LAYING,6,5,STANDING,0.61,0.0,0.0,0.0,0.056666666666666664,0.61,0.3333333333333333,LAYING,0.3333333333333333,LAYING,0.0001100514803906,0.0028976711373787,0.0028997602226277,-0.0047493977829687,0.0111639275943038,0.0121321910070575,-0.0005790707592187,0.0073494532128254,0.0073722306984855,-0.0041742741257812,0.0250898054126534,0.0254346790843128,-0.0018199448528125,0.0082501165301163,0.0084484686202753,-0.0012760431157812,0.0048706820125803,0.0050350600096727
8330,10,LAYING,6,5,STANDING,0.93,0.0,0.0,0.0,0.03666666666666667,0.93,0.03333333333333333,LAYING,0.03666666666666667,SITTING,0.0005631283751562,0.0022851656497686,0.0023535283329054,-0.002506845786875,0.0042766865003581,0.0049572495621583,0.0001843432345312,0.0061561849001601,0.0061589443050799,-0.003227577075,0.0178734003226316,0.0181624803611212,0.0001048396223437,0.0081681685897112,0.0081688413778429,-0.0001912268234375,0.0050316603832019,0.0050352928325853
8331,10,LAYING,6,5,STANDING,0.6366666666666667,0.0,0.0,0.0,0.023333333333333334,0.6366666666666667,0.34,LAYING,0.34,LAYING,0.0003772476321328,0.0022827611663606,0.002313723042759,-0.0014427097632656,0.0039340302289072,0.0041902273569554,-1.818501796874996e-06,0.0051975491758155,0.0051975494939413,-0.0018736761510937,0.0126525343636102,0.0127905155541719,0.0010663852807812,0.0034471831197767,0.003608358217852,0.0003819780432812,0.0030524893535194,0.0030762962274297
8335,10,LAYING,6,5,STANDING,0.5966666666666667,0.0,0.0,0.0,0.04,0.5966666666666667,0.36333333333333334,LAYING,0.36333333333333334,LAYING,-9.643901421875e-05,0.0018216998635283,0.0018242507712052,-0.0041989689468749,0.0036910130020953,0.0055906097340502,-0.0011192277633593,0.0046795491889513,0.0048115331650202,0.0032773524339843,0.0077039190628472,0.0083720611502451,0.0001199638378124,0.0029907344317736,0.0029931394494374,-0.0002890134260937,0.0022751039118802,0.0022933875752509
8336,10,LAYING,6,5,STANDING,0.88,0.0,0.0,0.0,0.02666666666666667,0.88,0.09333333333333334,LAYING,0.09333333333333334,LAYING,-0.0001440631004687,0.004779984887536,0.0047821553406376,-0.0045771242683593,0.0130996624703087,0.0138762827660731,-0.0030129089182812,0.0205997577277559,0.0208189250104826,0.0152945793399218,0.0961232121139689,0.0973323998691711,-2.1517253593750034e-05,0.0086048603214018,0.0086048872243067,-0.0063542742834375,0.0205057746856207,0.0214677338609971
8337,10,WALKING,1,2,WALKING_UPSTAIRS,0.6666666666666666,0.28,0.6666666666666666,0.05333333333333334,0.0,0.0,0.0,WALKING,0.28,WALKING,-0.0191874909421875,0.2389680770339745,0.2397371511676321,-0.01020723284375,0.1874727645600708,0.1877504328999597,0.008324387934375,0.1054314455661769,0.105759562918233,0.282116722484375,0.557173169437187,0.6245252483655133,-0.0622373780312499,0.5007621852860414,0.5046149595846882,-0.0243622591718749,0.4048569055852201,0.4055892425496483
8342,10,WALKING,1,2,WALKING_UPSTAIRS,0.6133333333333333,0.38,0.6133333333333333,0.006666666666666667,0.0,0.0,0.0,WALKING,0.38,WALKING,0.0087662196015624,0.2245802338968626,0.2247512582017559,-0.0136794486015625,0.1990647124071647,0.1995341751174219,-0.0026034722164062,0.1150315060420804,0.115060964057715,-0.069691011453125,0.5033990522489897,0.5082001996089146,0.0227913368203125,0.5236229453411296,0.5241187212090181,-0.0060058183124999,0.468116789788792,0.4681553147575779
8351,10,WALKING,1,2,WALKING_UPSTAIRS,0.5333333333333333,0.33,0.5333333333333333,0.13666666666666666,0.0,0.0,0.0,WALKING,0.33,WALKING,-0.0178845847734374,0.213759270494834,0.2145061399937118,0.0048918757031249,0.1788428403851077,0.1789097314427248,0.032327373446875,0.1083651622817663,0.113084337864831,0.2377466979140625,0.5337941404730715,0.5843455114676809,-0.0799966616164062,0.4976432592115568,0.5040320221062056,0.0147100940570312,0.3765897943622852,0.3768769826946121
8383,10,WALKING_UPSTAIRS,2,3,WALKING_DOWNSTAIRS,0.6433333333333333,0.15,0.20666666666666667,0.6433333333333333,0.0,0.0,0.0,WALKING_UPSTAIRS,0.20666666666666667,WALKING_UPSTAIRS,-0.0354217688726562,0.3546629068477248,0.3564273827917066,-0.0119201976171875,0.1783575298833121,0.1787554183159475,0.0376760428160937,0.1501290645215643,0.1547844314406335,0.4004317748708593,0.5832129723782647,0.707448215402737,-0.10187369609375,0.8825437511408729,0.8884040311894159,0.0259898723281249,0.4137710195578814,0.4145864567127114
8386,10,WALKING_UPSTAIRS,2,3,WALKING_DOWNSTAIRS,0.76,0.13666666666666666,0.10333333333333333,0.76,0.0,0.0,0.0,WALKING_UPSTAIRS,0.13666666666666666,WALKING,0.0012937785078125,0.3422636678148497,0.3422661130887792,-0.0034936109687499,0.1780669195683137,0.1781011879863503,-0.0030573605999999,0.148514624773207,0.1485460912490292,-0.0572316643749999,0.5727626359063233,0.575614889051258,0.1310536650304687,0.8040589411341781,0.8146691622589712,-0.0463695311171874,0.4667649567636325,0.4690625313096151
8387,10,WALKING_UPSTAIRS,2,1,WALKING,0.44,0.44,0.27666666666666667,0.2833333333333333,0.0,0.0,0.0,WALKING_UPSTAIRS,0.2833333333333333,WALKING_DOWNSTAIRS,-0.010089131390625,0.3029161928790754,0.3030841640214324,0.0060000333906249,0.1762944315273201,0.1763965050340555,0.0220605439078125,0.148248406439957,0.1498808113451993,0.0116078999140624,0.7719725196539281,0.7720597868308188,0.0693575828984374,0.839750255464879,0.8426096165240716,0.033089687328125,0.4674368539906396,0.4686065939315617
8388,10,WALKING_UPSTAIRS,2,3,WALKING_DOWNSTAIRS,0.5233333333333333,0.27666666666666667,0.2,0.5233333333333333,0.0,0.0,0.0,WALKING_UPSTAIRS,0.27666666666666667,WALKING,-0.003424190546875,0.2919603413447229,0.2919804205747852,-0.0085757723437499,0.1720902579639603,0.1723038036649052,0.0137973540078124,0.1441800597626759,0.1448387262122451,-0.16973554140625,0.8004393562985956,0.8182379343003984,-0.0417231390546875,0.7967920287100162,0.7978836740706005,0.0537765919765625,0.4029154681185354,0.4064883716587624
8389,10,WALKING_UPSTAIRS,2,3,WALKING_DOWNSTAIRS,0.4666666666666667,0.13333333333333333,0.4,0.4666666666666667,0.0,0.0,0.0,WALKING_UPSTAIRS,0.4,WALKING_UPSTAIRS,-0.0284351736875,0.280657518668317,0.2820943138166649,0.002648658,0.1678687065792492,0.167889600743438,-0.0100706621953125,0.124410566248061,0.1248174956935736,-0.419592230234375,0.5203706216739874,0.6684633300147652,-0.011493173203125,0.730495374400912,0.7305857821306171,0.013654923890625,0.3469795072986107,0.3472480891691781
8394,10,WALKING_UPSTAIRS,2,1,WALKING,0.45,0.45,0.43,0.12,0.0,0.0,0.0,WALKING_UPSTAIRS,0.43,WALKING_UPSTAIRS,-0.012763075359375,0.2348036274826445,0.2351502489295676,-0.0108027786867187,0.1650741152632524,0.1654272152860579,0.0029732519296874,0.1273328637103206,0.1273675720413499,0.116219618665625,0.5606157273995789,0.5725355827986084,-0.1228276193749999,0.7259781389358132,0.7362953770695811,0.0446042219609375,0.4284213952479026,0.4307370758628751
8395,10,WALKING_UPSTAIRS,2,1,WALKING,0.87,0.87,0.09666666666666666,0.03333333333333333,0.0,0.0,0.0,WALKING_UPSTAIRS,0.09666666666666666,WALKING_UPSTAIRS,-0.0030486669999999,0.2379354985222841,0.2379550290023827,0.0236244762664062,0.1777669999843556,0.1793299254511078,-0.008426450703125,0.1401328388092252,0.1403859593555727,0.0220523998687499,0.5959041992774217,0.5963121020543154,-0.0395973503906249,0.7042419382306763,0.7053542781615899,-0.003341220609375,0.3715972313984026,0.3716122524058087
8402,10,WALKING_UPSTAIRS,2,1,WALKING,0.7533333333333333,0.7533333333333333,0.23,0.016666666666666666,0.0,0.0,0.0,WALKING_UPSTAIRS,0.23,WALKING_UPSTAIRS,0.0187756068820312,0.2526128796474661,0.2533096728859239,0.0112196478,0.1783546391618911,0.178707184543108,-0.01624272484375,0.1319943909854598,0.1329900197833364,0.0799743510937499,0.5577137107752348,0.5634185655616512,-0.05506238703125,0.7080833688865643,0.7102210386628416,0.0057801553437499,0.4171460324095696,0.4171860766502683
8403,10,WALKING_UPSTAIRS,2,1,WALKING,0.4066666666666667,0.4066666666666667,0.35,0.24,0.0033333333333333335,0.0,0.0,WALKING_UPSTAIRS,0.35,WALKING_UPSTAIRS,0.03074840453125,0.2457575711382579,0.2476736727086537,0.0063280587351562,0.1704300309915075,0.1705474707848868,-0.0236526326328124,0.1398170793985645,0.1418036061671468,-0.147012871640625,0.6704320475090544,0.686361358728189,0.094538052890625,0.7432034290797365,0.7491920851425417,0.0032344849843749,0.4522049875157685,0.4522165550123641
8404,10,WALKING_UPSTAIRS,2,1,WALKING,0.5866666666666667,0.5866666666666667,0.31666666666666665,0.09666666666666666,0.0,0.0,0.0,WALKING_UPSTAIRS,0.31666666666666665,WALKING_UPSTAIRS,-0.007631690859375,0.2361877361036269,0.2363110014178976,-0.0119550844289062,0.163738850747577,0.1641747096474959,-0.008426918646875,0.1326895637568445,0.1329568850712995,-0.5267588708125,0.489669389449621,0.7192016538799287,0.2456112577031249,0.7467915876983966,0.786144112340481,-0.02463080415625,0.4022246733036696,0.4029781189191633
8405,10,WALKING_UPSTAIRS,2,3,WALKING_DOWNSTAIRS,0.4633333333333333,0.3433333333333333,0.19,0.4633333333333333,0.0,0.0,0.0033333333333333335,WALKING_UPSTAIRS,0.3433333333333333,WALKING,-0.024523906603125,0.213160955044037,0.2145670402237137,0.00604587190625,0.160968890217254,0.1610823894312509,-0.0035048707093749,0.1234049364963204,0.1234546980489212,-0.5833628566484375,0.7092265367765391,0.918321568398058,0.188623065828125,0.7228004577966554,0.7470068023475125,0.0230411738640625,0.3218170340827461,0.3226408206021819
8406,10,STANDING,5,6,LAYING,0.66,0.0,0.006666666666666667,0.0,0.11333333333333333,0.22,0.66,STANDING,0.22,STANDING,-0.0044176517703124,0.0253019261817245,0.0256846864039485,0.0180817476859375,0.0164562471510351,0.0244490832072259,0.0102171488895312,0.0608910700233337,0.0617423075371935,0.1616331797265625,0.1301831206781183,0.2075401881516271,-0.182399476953125,0.1570937933854848,0.2407239687131611,0.0981308188124999,0.0379336764084663,0.1052075159229317
8407,10,STANDING,5,6,LAYING,0.48,0.0,0.0,0.0,0.21333333333333335,0.30666666666666664,0.48,STANDING,0.30666666666666664,STANDING,0.0039702298447656,0.0117792094334452,0.012430305704094,0.0016455790742187,0.0146534676986792,0.0147455771703159,-0.007462499593125,0.0295473148798368,0.0304751163539307,0.0398599298445312,0.0870499131740561,0.0957418476467927,-0.085792523359375,0.0957182661742584,0.1285392684893418,0.0780256384218749,0.0310138045571949,0.0839634225377518
8408,10,STANDING,5,4,SITTING,0.5566666666666666,0.0,0.0,0.0,0.5566666666666666,0.25333333333333335,0.19,STANDING,0.25333333333333335,STANDING,0.0008191201944531,0.0033826014045245,0.0034803663822724,-0.0053962373507812,0.0080593857260482,0.0096991275807258,0.0022964897889843,0.0078339737764073,0.0081636395364045,-0.0307094528429687,0.0290208888541436,0.0422526032783671,-0.0509226562421875,0.0338677476109593,0.0611566942124869,0.0351336494286718,0.0267922905336659,0.0441837091496083
8417,10,STANDING,5,6,LAYING,0.3933333333333333,0.0,0.0,0.0,0.2866666666666667,0.32,0.3933333333333333,STANDING,0.32,STANDING,-0.0048707267524609,0.0112874722844973,0.0122935352795863,0.0185176573320312,0.0282028189764484,0.0337387408076361,-0.0021560952671875,0.0131076694320373,0.0132838151425242,0.02796832546875,0.1328593191937561,0.1357712264294401,0.0222740180515624,0.0615449708539272,0.0654516257824974,0.0475350778125,0.0401338942404464,0.0622118404288425
8437,10,SITTING,4,6,LAYING,0.5066666666666667,0.0,0.0,0.0,0.4533333333333333,0.04,0.5066666666666667,SITTING,0.4533333333333333,SITTING,0.0001721562150312,0.0030127070281433,0.0030176218119237,0.0013179071437499,0.0031541780290753,0.0034184379881239,0.0004035420314843,0.0046145803085201,0.0046321914462764,0.0009261262181015,0.0029976461746006,0.0031374499772829,0.0002784909793124,0.0031033593276756,0.0031158299604166,-0.0016576282550781,0.0055288544331194,0.0057719981613525
8438,10,SITTING,4,6,LAYING,0.5666666666666667,0.0,0.0,0.0,0.39,0.043333333333333335,0.5666666666666667,SITTING,0.39,SITTING,0.0005350234285937,0.0031290277160254,0.003174439244465,0.0006786314736718,0.0035860444623246,0.0036496925299026,0.0002792003282031,0.0046412422372378,0.0046496324938632,-2.2957438687500013e-05,0.0028757963114674,0.0028758879444514,0.0002805445353124,0.0034379017704731,0.0034493294739291,8.855381835937506e-05,0.006053746526501,0.0060543941716632
8440,10,SITTING,4,6,LAYING,0.72,0.0,0.0,0.0,0.24,0.04,0.72,SITTING,0.24,SITTING,-0.0003543328021875,0.0034024228198006,0.0034208234066385,0.0002013467525859,0.0034117861012239,0.0034177221822848,0.0004883210163281,0.0044414105645655,0.0044681747076431,0.0001205069410156,0.0060365906073267,0.0060377933124029,0.00057636265625,0.0051800853165499,0.0052120512083301,2.44672833125e-05,0.0075312812267084,0.0075313209707012
8441,10,SITTING,4,6,LAYING,0.6533333333333333,0.0,0.0,0.0,0.29,0.056666666666666664,0.6533333333333333,SITTING,0.29,SITTING,8.606030421875e-05,0.0034536901524173,0.0034547622269654,4.534204375781252e-05,0.0036838791917048,0.0036841582213591,-0.0003615634113437,0.0044356651957628,0.0044503768188013,0.0003408283164062,0.0064177705887025,0.00642681439521,0.0002557998639843,0.0051705416615758,0.0051768653299565,-0.0010455076002812,0.0076217287931998,0.0076931031410827
8442,10,SITTING,4,6,LAYING,0.58,0.0,0.0,0.0,0.37666666666666665,0.043333333333333335,0.58,SITTING,0.37666666666666665,SITTING,7.589195148437508e-05,0.0037032252696231,0.0037040028328655,0.0003828492594531,0.0036984762386519,0.0037182388362418,-0.0003299938569687,0.0040176586942964,0.0040311880791514,-0.0008272292015625,0.0063191453310702,0.0063730609495834,-0.0003845478872656,0.0055366780889417,0.0055500163367478,-0.001559699228125,0.0084714035155305,0.008613787738571
8443,10,SITTING,4,6,LAYING,0.6033333333333334,0.0,0.0,0.0,0.3233333333333333,0.07333333333333333,0.6033333333333334,SITTING,0.3233333333333333,SITTING,0.0002344258873437,0.0038701990454336,0.0038772923732847,0.0002362296988281,0.0038506608560881,0.0038579001411671,-0.0001718185035156,0.0041350043552705,0.0041385725336469,-0.0016280775375,0.0065027563204824,0.0067034674782299,-6.166862568750007e-05,0.0055311905334292,0.0055315343022068,0.0016529386525781,0.007708545097955,0.0078837728097906
8444,10,SITTING,4,6,LAYING,0.48333333333333334,0.0,0.006666666666666667,0.0033333333333333335,0.38333333333333336,0.12333333333333334,0.48333333333333334,SITTING,0.38333333333333336,SITTING,-0.0213940745429687,0.0374509469471713,0.0431309616492601,-0.041821771015625,0.0538744150468508,0.0682020023718052,0.0305197698828125,0.0416514436719706,0.0516362190101015,-0.2802958875,0.0659141537983544,0.2879417653282791,0.31624991765625,0.0945146364444829,0.3300712452180857,0.136846910234375,0.0509376039831878,0.1460195751953934
8445,10,SITTING,4,6,LAYING,0.4266666666666667,0.0,0.0,0.0,0.4,0.17333333333333334,0.4266666666666667,SITTING,0.4,SITTING,-0.0020498616820312,0.0185472382710287,0.0186601709637873,0.008854103678125,0.0217818315898186,0.0235126208524317,0.0112468832726562,0.0197334421588465,0.0227134568655961,-0.170364698515625,0.0682801337651902,0.183538298911459,0.183660086328125,0.0737018384023687,0.1978964079864594,0.0759323760046875,0.0546843418416679,0.0935740507211996
8447,10,SITTING,4,5,STANDING,0.66,0.0,0.0,0.0,0.3,0.66,0.04,SITTING,0.3,SITTING,-0.0012560005397656,0.0055501304619972,0.0056904732229473,-0.0066770539406249,0.0103914150360513,0.0123517025457015,0.0019499368992187,0.013748525382472,0.0138861155152696,-0.0188619475507812,0.0307925679289467,0.0361103213093877,0.0004002141234375,0.0332735517429495,0.0332759585426977,0.0089807212898437,0.0408059707764785,0.0417825394859704
8450,10,SITTING,4,5,STANDING,0.37333333333333335,0.0,0.0,0.0,0.2866666666666667,0.37333333333333335,0.34,SITTING,0.34,LAYING,-0.0001244098994531,0.0190750212556588,0.0190754269605405,-0.0052357764749999,0.0221479849762437,0.0227584400564732,0.001032933246875,0.0137956246476364,0.0138342405108113,0.0093584454390625,0.0280976014166849,0.0296151263108365,-0.0074029066217968,0.0346081215382382,0.0353910313901208,-0.0068788533210937,0.0468950228431235,0.0473968542254673
8457,10,LAYING,6,5,STANDING,0.43666666666666665,0.013333333333333334,0.0033333333333333335,0.0033333333333333335,0.13666666666666666,0.43666666666666665,0.4066666666666667,LAYING,0.4066666666666667,LAYING,0.0201387050914062,0.0401535123711069,0.0449207301643157,0.01238636798625,0.0358917122178303,0.0379688967158429,0.0142622928085937,0.0238549301043848,0.027793356876116,0.1481279821875,0.0915929497047662,0.1741584552715146,-0.294324755234375,0.1637665504289481,0.3368182664036676,-0.0673357598828124,0.0418850143699366,0.0792998044623413
8484,10,WALKING,1,3,WALKING_DOWNSTAIRS,0.5833333333333334,0.12333333333333334,0.29,0.5833333333333334,0.0,0.0,0.0033333333333333335,WALKING,0.29,WALKING_UPSTAIRS,-0.00225071190625,0.2729920811605491,0.2730013591183252,-0.0001744155625,0.1267898510188597,0.1267899709841953,0.02516854510625,0.1238705313903731,0.1264015989206574,0.4575313498671874,0.4232016172969288,0.623245172459464,0.05154738446875,0.5498887791059621,0.5522995584211657,0.0670223419429687,0.3427375674341247,0.3492292004546318
8485,10,WALKING,1,2,WALKING_UPSTAIRS,0.4766666666666667,0.42,0.4766666666666667,0.10333333333333333,0.0,0.0,0.0,WALKING,0.42,WALKING,0.0147357790312499,0.2492819406228555,0.2497170981417866,-0.01249548878125,0.1566137190952279,0.1571114071247574,0.0167424813875,0.1258944062556054,0.1270028039433075,0.14426790859375,0.4634668392288661,0.4854016280512563,0.044631977484375,0.5834513148571575,0.5851559195827312,0.0014295962632812,0.3236111189128632,0.323614276615713
8489,10,WALKING,1,3,WALKING_DOWNSTAIRS,0.3933333333333333,0.29,0.30666666666666664,0.3933333333333333,0.0,0.0,0.01,WALKING,0.30666666666666664,WALKING_UPSTAIRS,0.0160625864296874,0.2792940583494419,0.27975556779466,0.0028743247968749,0.1218783215826449,0.1219122102778903,-0.0111896238242187,0.10482289702808,0.1054184396710888,0.0882234085312499,0.4340035867091896,0.4428797614356666,0.0584600825546875,0.6070039594079462,0.609812584315234,0.040688554203125,0.3903669704488835,0.3924817576150261
8490,10,WALKING,1,3,WALKING_DOWNSTAIRS,0.44666666666666666,0.32,0.23,0.44666666666666666,0.0,0.0,0.0033333333333333335,WALKING,0.32,WALKING,-0.011199515734375,0.2850896854290814,0.285309582542783,0.0039471563523437,0.1404200896632605,0.1404755552553823,0.0082046441445312,0.1346443222833555,0.1348940684710877,0.11746864134375,0.4894740388268843,0.5033723436827343,0.038168569140625,0.6382290112337805,0.6393693067787128,0.012825427171875,0.355158490145016,0.3553899895948513
8493,10,WALKING,1,3,WALKING_DOWNSTAIRS,0.5066666666666667,0.2833333333333333,0.21,0.5066666666666667,0.0,0.0,0.0,WALKING,0.2833333333333333,WALKING,-0.0268109483814062,0.2839488233501688,0.2852117831280045,-0.0035387271796874,0.1357438599979822,0.1357899779704086,-0.0031319237632812,0.1099188862398763,0.1099634962097598,-0.0156236284140624,0.4146742118499195,0.4149684322188527,-0.0661089214062499,0.6094148982041949,0.6129901366602295,-0.0227973305625,0.3436209265275898,0.3443763340133221
8494,10,WALKING,1,3,WALKING_DOWNSTAIRS,0.5633333333333334,0.16,0.27666666666666667,0.5633333333333334,0.0,0.0,0.0,WALKING,0.27666666666666667,WALKING_UPSTAIRS,-0.0047305607798437,0.3063549392754544,0.306391460428908,-0.0079078483992187,0.1135445320093891,0.1138195713202972,-0.0137726940773437,0.1003499947783136,0.1012907130696377,-0.0454588881015625,0.3951655794807207,0.3977717256338919,-0.0445543588749999,0.6197092086061295,0.6213087751883098,-0.02970074296875,0.3546002889019692,0.3558419579283137
8495,10,WALKING,1,3,WALKING_DOWNSTAIRS,0.5733333333333334,0.21,0.21666666666666667,0.5733333333333334,0.0,0.0,0.0,WALKING,0.21666666666666667,WALKING_UPSTAIRS,0.017073102390625,0.3052203608849035,0.305697496757745,0.0046909985601562,0.1354679173370148,0.1355491132214434,-0.0175478558960937,0.1058408784765051,0.1072856877837318,-0.0036209921093749,0.4565336261527264,0.4565479858591137,-0.00409102325,0.5952732245705781,0.5952872822107709,0.0326860533515625,0.4307247099241593,0.4319631394262158
8496,10,WALKING,1,2,WALKING_UPSTAIRS,0.4,0.26,0.4,0.33666666666666667,0.0,0.0,0.0033333333333333335,WALKING,0.33666666666666667,WALKING_DOWNSTAIRS,0.0036799646249999,0.2957478777054808,0.2957707715561787,0.013088716778125,0.1423468090835354,0.1429472929549995,-0.0050399214039062,0.1079707583549853,0.1080883225307349,0.031089022578125,0.4942025575567361,0.4951794575913687,0.064112842578125,0.5933653665625835,0.5968189966978235,0.0541810926328124,0.4362093073328787,0.4395613160899344
8497,10,WALKING,1,2,WALKING_UPSTAIRS,0.5866666666666667,0.17,0.5866666666666667,0.24,0.0,0.0,0.0033333333333333335,WALKING,0.24,WALKING_DOWNSTAIRS,-0.0157244200226562,0.2369527499577629,0.2374739208788936,0.0155110911882812,0.1183573733966022,0.1193694340574416,-0.0230880846390625,0.138934565613993,0.1408398848858144,0.5690955633375,0.4359962470492389,0.7169117711765147,0.035170933296875,0.5038309061323307,0.5050570032413161,0.0860909774453125,0.3107039792776649,0.3224106374430983
8498,10,WALKING,1,2,WALKING_UPSTAIRS,0.4266666666666667,0.32,0.4266666666666667,0.25,0.0,0.0,0.0033333333333333335,WALKING,0.32,WALKING,0.0100880900625,0.2858111760065422,0.2859891569471677,0.0045981300804687,0.1572636176229121,0.1573308241511575,-0.000729497584375,0.1254912303408904,0.1254933506572998,0.2606958572367187,0.4644959146992801,0.5326525929277999,0.072477493515625,0.5998764190704413,0.6042389471252935,0.0217459498828124,0.3830707959274114,0.3836875304577492
8502,10,WALKING,1,3,WALKING_DOWNSTAIRS,0.5,0.21666666666666667,0.2833333333333333,0.5,0.0,0.0,0.0,WALKING,0.2833333333333333,WALKING_UPSTAIRS,-0.004402024640625,0.315124173643547,0.3151549184694172,0.0093554001992187,0.1376721197151698,0.1379896230147601,-0.0085243674251562,0.106945330975882,0.1072845219849537,0.0556970344765625,0.4875939770730358,0.4907647564030893,0.0437118282546874,0.6837294482062214,0.6851253040676218,0.0479472273984375,0.4210179196838714,0.4237393365149526
8503,10,WALKING,1,3,WALKING_DOWNSTAIRS,0.83,0.11,0.06,0.83,0.0,0.0,0.0,WALKING,0.11,WALKING,0.0072977781249999,0.3490837215637076,0.3491599951688764,-0.0097901382476562,0.1376963306193787,0.1380439287797528,0.0153262037656249,0.1069610460057044,0.1080534954756201,0.0477311848359374,0.5259911662768867,0.5281524145615183,0.0357807955625,0.6790947262686234,0.6800366994338923,0.0027439449187499,0.4055185373204277,0.4055278206784539
8504,10,WALKING,1,3,WALKING_DOWNSTAIRS,0.8733333333333333,0.056666666666666664,0.07,0.8733333333333333,0.0,0.0,0.0,WALKING,0.07,WALKING_UPSTAIRS,0.0166583274218749,0.3454349707365478,0.3458364047931536,-0.0032575628601562,0.1457251937689385,0.1457615992461065,0.0111930806328125,0.1029067247234595,0.1035136659932518,-0.0374458530234374,0.4935870366799186,0.4950054087453148,-0.0214476432265625,0.6318361693979712,0.6322000841185293,-0.017618546065625,0.3894393487661191,0.3898376835720804
8505,10,WALKING,1,2,WALKING_UPSTAIRS,0.4,0.21666666666666667,0.4,0.38333333333333336,0.0,0.0,0.0,WALKING,0.38333333333333336,WALKING_DOWNSTAIRS,-0.0279974933889062,0.3177909711252506,0.3190218816394758,0.0048961990914062,0.152086158363729,0.1521649510609455,-0.0080352204765625,0.1025415062478071,0.1028558470466119,-0.0396826206328125,0.4946641586840666,0.4962533025249335,-0.0444554321874999,0.6387758816682143,0.6403209448799734,-0.038142746046875,0.376112101156552,0.3780412434012892
8506,10,WALKING,1,2,WALKING_UPSTAIRS,0.3566666666666667,0.34,0.3566666666666667,0.30333333333333334,0.0,0.0,0.0,WALKING,0.34,WALKING,-0.0108003083889062,0.3077376893848492,0.307927153932909,-0.0068294489710937,0.1584693848085816,0.1586164786359194,-0.0023769729835937,0.107603620714879,0.1076298712789171,-0.0399562198359375,0.4891822113783672,0.4908113032852925,-0.0458943932734375,0.6373406103316963,0.6389908832776224,-0.011889900625,0.395757719947197,0.3959362860798141
8507,10,WALKING,1,3,WALKING_DOWNSTAIRS,0.44,0.25,0.31,0.44,0.0,0.0,0.0,WALKING,0.31,WALKING_UPSTAIRS,0.0287627631640625,0.3110178624679237,0.3123450132769023,0.0024510612578124,0.1491707194560927,0.1491908550962084,-0.0112004104132812,0.1086822740376968,0.109257887053663,-0.0051851432890624,0.4745625896292942,0.4745909156174294,0.0335898941406249,0.64492107506885,0.6457952261021598,0.037689437796875,0.4207652220404408,0.422449838205894
8508,10,WALKING,1,3,WALKING_DOWNSTAIRS,0.5033333333333333,0.27666666666666667,0.21666666666666667,0.5033333333333333,0.0,0.0,0.0033333333333333335,WALKING,0.27666666666666667,WALKING,-0.012673934109375,0.3021407783484474,0.3024064790093201,0.0015243000679687,0.1429424970398668,0.1429506241703391,0.0012255963281249,0.1156369046988909,0.115643399356383,0.0983559949609375,0.4873921688259215,0.497217284471881,0.045029321953125,0.6314110740782429,0.633014679374972,0.0228210996953124,0.4002863010028702,0.4009363108548087
8541,10,WALKING_UPSTAIRS,2,1,WALKING,0.6633333333333333,0.6633333333333333,0.30333333333333334,0.03,0.0,0.0,0.0033333333333333335,WALKING_UPSTAIRS,0.30333333333333334,WALKING_UPSTAIRS,0.0011033510375,0.2524773604478433,0.2524797713129156,-0.0169645564804687,0.1782564589724227,0.1790618924896251,0.0060019606328124,0.2127290941793356,0.2128137473045349,-0.0609550897578124,0.5120080708162281,0.5156236879239923,-0.0426890515234375,0.7523856270309455,0.7535957051912648,-0.0095101725242187,0.2435261427751213,0.2437117674556753
8543,10,WALKING_UPSTAIRS,2,3,WALKING_DOWNSTAIRS,0.48,0.12,0.4,0.48,0.0,0.0,0.0,WALKING_UPSTAIRS,0.4,WALKING_UPSTAIRS,0.0281298836406249,0.2798176224432219,0.2812280074662063,0.0190043425726562,0.1797805813701051,0.1807822515469697,-0.0143239657539062,0.1983493750538027,0.1988659110535367,-0.242071717703125,0.6400299692778803,0.6842785091507593,-0.0132409736171875,0.860549201097569,0.860651062215109,0.013041626984375,0.2375840737663991,0.2379417494720868
8551,10,WALKING_UPSTAIRS,2,3,WALKING_DOWNSTAIRS,0.43333333333333335,0.19333333333333333,0.36333333333333334,0.43333333333333335,0.0,0.0,0.01,WALKING_UPSTAIRS,0.36333333333333334,WALKING_UPSTAIRS,0.02564947659375,0.2546091134811561,0.2558978239790123,0.017500816046875,0.1680691508547034,0.1689778625481089,0.0012148559999999,0.2062789374573362,0.2062825148034325,-0.274437807625,0.6861653505778714,0.7390121775638544,-0.0459018993515624,0.8271227645374685,0.8283954683484123,-0.0175713052109374,0.2675178060298271,0.2680942507959247
8566,12,STANDING,5,6,LAYING,0.5233333333333333,0.0,0.0,0.0,0.12333333333333334,0.35333333333333333,0.5233333333333333,STANDING,0.35333333333333333,STANDING,0.0001882628751562,0.0042990504523187,0.0043031706568232,0.0007485064357031,0.0057477931528416,0.0057963253887392,0.0050949046745312,0.0071497965376669,0.0087793874599879,-0.00272717771875,0.0373317944861998,0.0374312753973132,-0.0036756177757812,0.0238473840558854,0.0241289844863504,0.0049656616710937,0.0065033345336357,0.0081823685988929
8568,12,STANDING,5,4,SITTING,0.35333333333333333,0.0,0.0,0.0,0.35333333333333333,0.3333333333333333,0.31333333333333335,STANDING,0.3333333333333333,STANDING,-0.0002516995013984,0.0030515672893799,0.0030619300384917,-0.0014571070595312,0.0030965017650074,0.003422204576531,-0.0034866985523437,0.0051280886875526,0.0062011579872086,-0.0065135728560156,0.0118642530196293,0.0135346640543608,-0.0056322855085937,0.0146538825278053,0.015699009942956,0.0047123753449999,0.0081325519592149,0.0093991958571728
8584,12,SITTING,4,6,LAYING,0.61,0.0,0.0,0.0,0.19,0.2,0.61,SITTING,0.2,STANDING,-0.0014948209098437,0.0037290247848308,0.0040174762473957,-0.0009074644845484,0.0031349225946869,0.0032636224452892,0.0033678954343671,0.0092567480622099,0.0098503859997494,-0.0065456687713281,0.0081378866949004,0.0104437052583351,0.0118737699875781,0.0083633548164603,0.0145235022464941,-0.003249777401875,0.0057823132656532,0.0066329631284883
8585,12,SITTING,4,6,LAYING,0.5366666666666666,0.0,0.0,0.0,0.37,0.09333333333333334,0.5366666666666666,SITTING,0.37,SITTING,-0.0049531987642187,0.0071223918165192,0.0086754044969602,0.001120597455039,0.0060964554639649,0.0061985891846732,0.0100147164765546,0.0085924240594819,0.0131956165950568,-0.0026581014465234,0.0181448249261749,0.0183384888936234,0.0166266581523437,0.0448138900270393,0.0477988545958004,-0.010605476696875,0.0227788628964974,0.0251267333894676
8588,12,SITTING,4,6,LAYING,0.56,0.0,0.0,0.0,0.2866666666666667,0.15333333333333332,0.56,SITTING,0.2866666666666667,SITTING,0.0027464266410937,0.0038853548433442,0.0047580291669564,-0.0011554858507812,0.0035901003769389,0.0037714676543559,-0.0055860459053906,0.0078857725652288,0.0096638148682415,0.002773551264375,0.0095192151224742,0.0099150412588177,-0.0061232845830468,0.0193583078947982,0.0203036621976131,0.0006399874674765,0.0061019294172888,0.0061353994631239
8589,12,SITTING,4,6,LAYING,0.69,0.0,0.0,0.0,0.16,0.15,0.69,SITTING,0.16,SITTING,3.803915210937499e-05,0.0033101385733863,0.0033103571336206,-0.0001128794715625,0.0025409985941783,0.0025435045961658,-4.585758773437522e-05,0.0070043242904287,0.007004474404539,-0.0009885047367187,0.006378526874317,0.0064546685972945,0.0011229712121875,0.0083090903446188,0.0083846315779788,-0.0002205200276953,0.0037716071597483,0.003778048391707
8590,12,SITTING,4,6,LAYING,0.5266666666666666,0.0,0.0,0.0,0.43666666666666665,0.03666666666666667,0.5266666666666666,SITTING,0.43666666666666665,SITTING,0.0004785044203906,0.0034048637122654,0.0034383227567282,2.003072687500001e-05,0.0023484700789839,0.0023485555011329,-0.0003790883416406,0.0069409725710248,0.0069513170120839,9.602765218750002e-05,0.0045655123078201,0.0045665220839104,-0.00326118961875,0.0076444912802363,0.0083110531620879,0.0005624224464687,0.0035248801140508,0.003569467583089
8591,12,SITTING,4,6,LAYING,0.47,0.0,0.0,0.0,0.45666666666666667,0.07333333333333333,0.47,SITTING,0.45666666666666667,SITTING,0.0005336865217968,0.0034469868312114,0.0034880566965135,0.0005905515510937,0.0026321505015972,0.0026975854754869,-0.0013786610507812,0.0069456836172905,0.0070811882621803,-0.0017475944751562,0.0051716979086748,0.0054589876083564,6.178340312499973e-05,0.0102582968213756,0.0102584828734246,-0.0008121139307031,0.0048518114225937,0.004919309211348
8595,12,SITTING,4,5,STANDING,0.5766666666666667,0.0,0.0,0.0,0.4066666666666667,0.5766666666666667,0.016666666666666666,SITTING,0.4066666666666667,SITTING,5.010380906250004e-05,0.0037350426436522,0.0037353786878418,0.0016493621624218,0.0088898477278931,0.0090415589456661,-0.00838092995,0.0181504033644951,0.0199919265985218,-0.0058424073921874,0.0241097407095822,0.0248075254956953,-0.0125436680554687,0.0346255746585563,0.0368276258903699,0.0091800687273437,0.0127644670291761,0.0157227631279517
8603,12,SITTING,4,5,STANDING,0.6266666666666667,0.0,0.0,0.0,0.3233333333333333,0.6266666666666667,0.05,SITTING,0.3233333333333333,SITTING,-0.0033874290139062,0.013186111381304,0.013614264896953,0.017317622130625,0.0283940353998205,0.0332584016835652,0.0215888914495312,0.0200538805219782,0.0294658846466455,-0.0059305615843749,0.0621388905216254,0.062421256603537,0.01537025145625,0.059730926938339,0.0616768049005585,-0.009420763615625,0.0496851355604387,0.05057038147731
8604,12,SITTING,4,5,STANDING,0.73,0.0,0.0,0.0,0.21666666666666667,0.73,0.05333333333333334,SITTING,0.21666666666666667,SITTING,-0.0004171775296875,0.0127606912613329,0.0127675087060215,0.000405014046875,0.0432148157344057,0.0432167136110187,0.0017966864609374,0.0378030693441435,0.0378457412937974,0.0047390443117187,0.0620429492532015,0.0622236779130242,-0.0142714717109375,0.0700179192768337,0.0714575673015342,0.0130766591359374,0.0665743285651733,0.0678464460238055
8606,12,SITTING,4,5,STANDING,0.7133333333333334,0.0,0.0,0.0,0.2633333333333333,0.7133333333333334,0.023333333333333334,SITTING,0.2633333333333333,SITTING,-0.0007055725617187,0.0123701653288005,0.0123902713005691,0.0088501324703125,0.0454501606851509,0.0463038006112685,0.0014857316320312,0.0251149696802887,0.0251588771713731,-0.0004039822781249,0.0598564423705212,0.0598578056308161,0.0114003343054687,0.060181914455573,0.0612521873063678,0.0027576328359374,0.0726403510433036,0.0726926759622468
8607,12,SITTING,4,5,STANDING,0.63,0.0,0.0,0.0,0.33666666666666667,0.63,0.03333333333333333,SITTING,0.33666666666666667,SITTING,0.0002861532796093,0.0090076481982366,0.0090121922839355,-0.0102142740226562,0.0435753163226055,0.0447564474285554,-0.0016203772652343,0.0290808901205589,0.0291259985697608,-0.0143285624695312,0.0577781153637938,0.0595282984590952,-0.0176462711306562,0.0538028406712671,0.0566227564598756,0.02206357834375,0.0688384843143813,0.0722878856519688
8616,12,LAYING,6,5,STANDING,0.4866666666666667,0.0,0.0,0.0,0.12,0.4866666666666667,0.3933333333333333,LAYING,0.3933333333333333,LAYING,-0.0005014575960937,0.015209099698562,0.0152173642054555,0.006136686509375,0.014128642009357,0.0154038127209763,-0.0029991083421874,0.0169830501581421,0.0172458297429306,0.014853654359375,0.0496933634906219,0.0518658020552932,-0.0064514511125,0.0621156171996082,0.0624497487708737,-0.0045280925384375,0.0299191132113583,0.0302598241467251
8635,12,WALKING,1,2,WALKING_UPSTAIRS,0.5666666666666667,0.13,0.5666666666666667,0.30333333333333334,0.0,0.0,0.0,WALKING,0.30333333333333334,WALKING_DOWNSTAIRS,-0.009674036,0.2879340012899217,0.2880964700779131,-0.0021274627812499,0.1682881227970228,0.1683015697265816,0.018689360578125,0.1284043369812208,0.1297573348770931,-0.494587770953125,0.4416282804419824,0.6630630447118305,0.0909829099609375,0.3625284700489128,0.3737710281722829,0.0423462601640624,0.3489576790466691,0.3515176631629206
8636,12,WALKING,1,2,WALKING_UPSTAIRS,0.4866666666666667,0.19,0.4866666666666667,0.3233333333333333,0.0,0.0,0.0,WALKING,0.3233333333333333,WALKING_DOWNSTAIRS,0.0077205525234375,0.2952002521285438,0.2953011950331778,0.0081411165078124,0.1400756456127228,0.1403120246871767,-0.0037764767664062,0.1370966652786164,0.1371486689956712,-0.3071885731796875,0.4476471603193959,0.5429114104844281,0.0240074049453124,0.3983875153738782,0.3991102202374431,-0.0142119208960937,0.4350211853640764,0.4352532715685466
8637,12,WALKING,1,2,WALKING_UPSTAIRS,0.43666666666666665,0.26,0.43666666666666665,0.30333333333333334,0.0,0.0,0.0,WALKING,0.30333333333333334,WALKING_DOWNSTAIRS,0.0166079815078124,0.2789452953026963,0.2794392649955841,0.010283231609375,0.1359689181680612,0.1363572204180071,-0.0171789878523437,0.143762343067009,0.1447851128664386,-0.1319089460546875,0.3951838048339365,0.4166175820249132,0.011226391359375,0.3916783671891465,0.3918392210931797,-0.0027516724664062,0.462665950201624,0.4626741328163203
8639,12,WALKING,1,3,WALKING_DOWNSTAIRS,0.5266666666666666,0.3333333333333333,0.14,0.5266666666666666,0.0,0.0,0.0,WALKING,0.3333333333333333,WALKING,0.00227470271875,0.2736812021441503,0.2736906550825694,0.00073200071875,0.1157700773937043,0.1157723915482294,0.0156706688445312,0.1328841405991215,0.1338049501505906,0.027245544421875,0.3587138697365887,0.3597470778647725,0.0090929575625,0.3311360035897663,0.3312608258617899,0.0234932500570312,0.3941943589370498,0.3948938153681744
8640,12,WALKING,1,3,WALKING_DOWNSTAIRS,0.49666666666666665,0.31666666666666665,0.18666666666666668,0.49666666666666665,0.0,0.0,0.0,WALKING,0.31666666666666665,WALKING,0.0172454302374999,0.2837207081488841,0.2842443404829387,0.0010847054374999,0.1414004454600868,0.1414046058733488,0.0087695128515625,0.1291261100309807,0.12942355522619,0.0538602869570312,0.4032258170022236,0.4068070673036598,0.0201524394765625,0.4192272730483015,0.4197113618719079,0.02453661221875,0.3981594278975297,0.3989147469859462
8647,12,WALKING,1,2,WALKING_UPSTAIRS,0.49666666666666665,0.41333333333333333,0.49666666666666665,0.08666666666666667,0.0033333333333333335,0.0,0.0,WALKING,0.41333333333333333,WALKING,-0.0031769486015624,0.2505175318080765,0.2505376753017949,-0.00612041581,0.1297600574994945,0.1299043186809408,-0.0210125615964843,0.1188129008007558,0.1206566746663287,-0.0693890767265625,0.2725339025596975,0.2812286827714831,0.007382949265625,0.3478826643900754,0.3479609979911493,0.04057558834375,0.4254494630250042,0.4273799526857874
8649,12,WALKING,1,2,WALKING_UPSTAIRS,0.49666666666666665,0.44,0.49666666666666665,0.06333333333333334,0.0,0.0,0.0,WALKING,0.44,WALKING,-0.0136434502265624,0.2388240235195837,0.2392134150589538,-0.0002635809023437,0.1318831609274864,0.1318834243228365,0.0279793583609374,0.1344079073292263,0.1372892204323109,-0.7205469643046876,0.3178822200140981,0.787551289485194,0.1434268951875,0.3327953499239979,0.3623865604491457,0.0705958218749999,0.3574526077457448,0.3643571556185496
8650,12,WALKING,1,2,WALKING_UPSTAIRS,0.5633333333333334,0.2833333333333333,0.5633333333333334,0.15333333333333332,0.0,0.0,0.0,WALKING,0.2833333333333333,WALKING,0.0171721519218749,0.2645110162748749,0.2650678413772502,0.0080562607656249,0.1331177051583414,0.1333612641067371,0.0149682881031249,0.1195990174654038,0.1205320481342125,-0.5236227266484375,0.3426044720242672,0.625746421574883,0.0963221254811718,0.346987047925349,0.3601082660605822,0.086130668359375,0.4102851781778679,0.419228361951428
8651,12,WALKING,1,2,WALKING_UPSTAIRS,0.7066666666666667,0.14666666666666667,0.7066666666666667,0.14666666666666667,0.0,0.0,0.0,WALKING,0.14666666666666667,WALKING,0.0199849578648437,0.2769176164724758,0.2776378303719736,-0.014680832359375,0.1489354320729643,0.1496572409391695,0.0063319088921875,0.1234731692728292,0.1236354180665706,-0.15417018490625,0.3904008009654354,0.4197394802832834,0.0570536328717968,0.3547620562533256,0.3593205165043565,0.055853253421875,0.418804533636084,0.4225125126099179
8657,12,WALKING,1,3,WALKING_DOWNSTAIRS,0.4766666666666667,0.32,0.20333333333333334,0.4766666666666667,0.0,0.0,0.0,WALKING,0.32,WALKING,-0.0174911063515625,0.2781662610707717,0.278715639316301,-0.0029975340967187,0.1307632890144056,0.1307976412804374,0.0002087780703125,0.1386475434319464,0.1386477006228235,-0.005603255421875,0.3787053961602415,0.3787468462604121,0.0116444874726562,0.3834569260345469,0.3836336901425171,0.0322968407265625,0.4290919660763787,0.4303057067623076
8658,12,WALKING,1,3,WALKING_DOWNSTAIRS,0.5966666666666667,0.28,0.12333333333333334,0.5966666666666667,0.0,0.0,0.0,WALKING,0.28,WALKING,-0.0004910397109374,0.290700588987384,0.2907010037093261,-0.0002353287351562,0.1277669432223722,0.1277671599434005,0.0258963166471875,0.1306837596661195,0.1332248635066423,-0.04062681640625,0.3464328053181338,0.3488068617614899,-0.0073181143125,0.393474907838414,0.3935429555913042,0.0280704582109375,0.4019023889215026,0.4028814724518649
8659,12,WALKING,1,3,WALKING_DOWNSTAIRS,0.44666666666666666,0.2966666666666667,0.25666666666666665,0.44666666666666666,0.0,0.0,0.0,WALKING,0.2966666666666667,WALKING,0.021679225703125,0.285415573174264,0.2862377302828554,-0.016899999421875,0.1408628050312663,0.1418729707228826,-0.0108253804543749,0.1318307640810825,0.132274484388275,-0.0271598835,0.3328767585425013,0.3339829271826574,0.0149693677343749,0.3988530174204537,0.3991338265240967,0.033489186203125,0.379344904865616,0.3808202757732982
8663,12,WALKING_DOWNSTAIRS,3,2,WALKING_UPSTAIRS,0.61,0.10666666666666667,0.61,0.2833333333333333,0.0,0.0,0.0,WALKING_DOWNSTAIRS,0.2833333333333333,WALKING_DOWNSTAIRS,0.0015261448046875,0.3126034547224532,0.3126071800557014,0.0125898186562499,0.1281781885277512,0.1287949981484257,0.0018388887101562,0.1063353087403319,0.1063512077815294,-0.2160263038984375,0.340957918501938,0.4036330835860637,0.0879139211390624,0.3727987898135081,0.3830245360501876,0.0696144645624999,0.3394874650070691,0.3465514573237999
8664,12,WALKING_DOWNSTAIRS,3,2,WALKING_UPSTAIRS,0.6833333333333333,0.08333333333333333,0.6833333333333333,0.23333333333333334,0.0,0.0,0.0,WALKING_DOWNSTAIRS,0.23333333333333334,WALKING_DOWNSTAIRS,-0.0064036391484375,0.2811144438917531,0.2811873701980817,0.008989086128125,0.1275753837236452,0.1278916815185967,0.0123091828414062,0.1272044966784042,0.1277986696230807,-0.40884605859375,0.3922356832988527,0.566572087982246,0.0799152911953124,0.4192558442276237,0.4268043072484732,-0.0036945378125,0.3656238686574031,0.3656425343715553
8669,12,WALKING_DOWNSTAIRS,3,2,WALKING_UPSTAIRS,0.6633333333333333,0.05,0.6633333333333333,0.2833333333333333,0.0,0.0,0.0033333333333333335,WALKING_DOWNSTAIRS,0.2833333333333333,WALKING_DOWNSTAIRS,0.0120868222828125,0.3192236983238425,0.3194524390961006,-0.00510713721875,0.1591748830550848,0.1592567934066584,0.0174258922532031,0.1190844669224211,0.1203526982789229,0.3915444886640625,0.3037628835390282,0.495559255810188,-0.0736109128851562,0.3636071942928963,0.3709835013007156,-0.0298289207929687,0.3484042844063149,0.3496788668311963
8670,12,WALKING_DOWNSTAIRS,3,2,WALKING_UPSTAIRS,0.5,0.22666666666666666,0.5,0.2733333333333333,0.0,0.0,0.0,WALKING_DOWNSTAIRS,0.2733333333333333,WALKING_DOWNSTAIRS,-0.0090882105374999,0.2943067157428942,0.2944470045732214,-0.03209245959375,0.1376908946088383,0.1413814288404198,-0.0293125944218749,0.1048699304294029,0.1088895334731909,1.0598912342890623,0.8641300375898229,1.367512394966781,-0.1896651556796875,0.3413639518238214,0.3905153247745553,-0.129270393375,0.356951444346275,0.3796382070132287
8672,12,WALKING_DOWNSTAIRS,3,2,WALKING_UPSTAIRS,0.49666666666666665,0.056666666666666664,0.49666666666666665,0.44666666666666666,0.0,0.0,0.0,WALKING_DOWNSTAIRS,0.44666666666666666,WALKING_DOWNSTAIRS,-0.0118981783046875,0.3133385162882615,0.3135643354029588,0.0050732913046875,0.1359891902790448,0.1360837909429793,0.0078287972515624,0.102709149460668,0.1030070844618947,-0.3937851390546875,0.3915077110417126,0.5552882346542567,0.095991331484375,0.3223907907725105,0.3363779982327438,0.1016179728648437,0.30569865528002,0.3221457438011135
8680,12,WALKING_DOWNSTAIRS,3,2,WALKING_UPSTAIRS,0.5,0.17333333333333334,0.5,0.32666666666666666,0.0,0.0,0.0,WALKING_DOWNSTAIRS,0.32666666666666666,WALKING_DOWNSTAIRS,0.031190734921875,0.3048402026884104,0.3064317397399914,-0.005116494,0.1453416989621045,0.1454317295779812,0.0101306062499999,0.112555554065235,0.1130105390391736,-0.1949466119921875,0.3416942015015998,0.3933943426983266,0.058235956875,0.3046355555284129,0.3101519762394746,-0.0007560972578125,0.3269262395054556,0.3269271138346311
8681,12,WALKING_DOWNSTAIRS,3,2,WALKING_UPSTAIRS,0.59,0.21333333333333335,0.59,0.19666666666666666,0.0,0.0,0.0,WALKING_DOWNSTAIRS,0.21333333333333335,WALKING,0.0004115741953124,0.2654742216755754,0.2654745407144926,-0.0146816878359375,0.1543491226939378,0.1550458114045658,0.0013468563781249,0.1186312871617671,0.1186389325464493,-0.3306927976953125,0.4161230468895265,0.531522451642615,0.0341817047101562,0.2786655481631045,0.2807541213765808,0.0223501524765625,0.3040493240345485,0.3048696783243481
8682,12,WALKING_DOWNSTAIRS,3,2,WALKING_UPSTAIRS,0.51,0.27,0.51,0.22,0.0,0.0,0.0,WALKING_DOWNSTAIRS,0.27,WALKING,0.0010621127522656,0.2577622167379914,0.2577644049537907,-0.0158712358609375,0.1542222278358924,0.1550367430205479,-0.0267946843015625,0.1194778798653079,0.1224455751913043,-0.1743632095546874,0.5053505797109547,0.5345855752453575,-0.0132314497861328,0.3054738866893995,0.3057603092498617,-0.0015065869765625,0.3194466709606641,0.3194502236533397
8691,12,WALKING_UPSTAIRS,2,1,WALKING,0.9833333333333333,0.9833333333333333,0.01,0.006666666666666667,0.0,0.0,0.0,WALKING_UPSTAIRS,0.01,WALKING_UPSTAIRS,0.0121903800078125,0.2194576456470893,0.2197959590113028,0.0071974736343749,0.1460405150015594,0.1462177678965119,0.0024077101892968,0.115708457145162,0.1157335047567014,-0.0070800596874999,0.378058486900133,0.3781247767105412,-0.01103430709375,0.3620356610918919,0.3622037766717547,0.0065370974117187,0.36408445158819,0.3641431333017874
8692,12,WALKING_UPSTAIRS,2,1,WALKING,0.7766666666666666,0.7766666666666666,0.21333333333333335,0.01,0.0,0.0,0.0,WALKING_UPSTAIRS,0.21333333333333335,WALKING_UPSTAIRS,0.0096582122890624,0.2363363435821349,0.236533609371678,-0.017975171959375,0.1525764777492754,0.1536316646051335,-0.0039261855286718,0.1182363129468201,0.1183014819521038,0.0312467870390625,0.3614998632043351,0.362847781854895,-0.03111219440625,0.3022376704534834,0.3038347874781963,-0.0130455589140625,0.3662171185142695,0.3664494023740178
8693,12,WALKING_UPSTAIRS,2,1,WALKING,0.7966666666666666,0.7966666666666666,0.17333333333333334,0.03,0.0,0.0,0.0,WALKING_UPSTAIRS,0.17333333333333334,WALKING_UPSTAIRS,0.0186715039843749,0.2515895746910794,0.2522814681150336,-0.0023956743906249,0.1532883254548477,0.1533070447713908,-0.0103842953359374,0.1277881098992141,0.1282093390562388,-0.0641973157734375,0.397136193300472,0.4022915005089025,0.01793936690625,0.3241070299766114,0.3246031234681163,0.0217839515078124,0.3577511501472095,0.3584137636516572
8695,12,WALKING_UPSTAIRS,2,1,WALKING,0.9166666666666666,0.9166666666666666,0.06666666666666667,0.016666666666666666,0.0,0.0,0.0,WALKING_UPSTAIRS,0.06666666666666667,WALKING_UPSTAIRS,-0.0081273597109375,0.2043527784606775,0.2045143321150616,-0.0002120203203124,0.1276475611293188,0.1276477372101809,-0.0043519037499999,0.10121123349028,0.1013047523607518,-0.070142474609375,0.324220247919074,0.3317208704694847,-0.0140133268671874,0.3108875962729688,0.3112032629107077,0.017690463125,0.3461645682678242,0.3466163019963517
8697,12,WALKING_UPSTAIRS,2,1,WALKING,0.55,0.55,0.41,0.04,0.0,0.0,0.0,WALKING_UPSTAIRS,0.41,WALKING_UPSTAIRS,0.0017130718921875,0.2313522588838127,0.2313586011064869,0.0103980019150781,0.1396711579743019,0.1400576695997344,0.0064826349828124,0.098831726255041,0.0990441046749969,-0.3176009902203125,0.3516515463754032,0.4738451213815918,0.0141429404843749,0.3786845745337337,0.3789485845802032,0.0246204965625,0.3718318552866378,0.3726460753273637
8701,12,WALKING_UPSTAIRS,2,1,WALKING,0.77,0.77,0.18666666666666668,0.043333333333333335,0.0,0.0,0.0,WALKING_UPSTAIRS,0.18666666666666668,WALKING_UPSTAIRS,0.007910559734375,0.2363664652931587,0.2364988009916606,-0.0109097331070312,0.1369378449380163,0.137371742555501,-0.0002770615882812,0.1063937505898984,0.1063941113394402,0.0173102785703125,0.2750037196998624,0.2755479841932114,0.0175500495078124,0.3147981020998294,0.3152869317358099,-0.005070097015625,0.3743623331118928,0.3743966644305577
8702,12,WALKING_UPSTAIRS,2,1,WALKING,0.8266666666666667,0.8266666666666667,0.11333333333333333,0.06,0.0,0.0,0.0,WALKING_UPSTAIRS,0.11333333333333333,WALKING_UPSTAIRS,0.0099393623515625,0.2304944551320961,0.2307086577712192,-0.0077942477398437,0.1343188529772623,0.1345448050389069,-0.0027332605882812,0.0961196648207442,0.0961585184926206,-0.0436972302578125,0.2838957921179812,0.2872390445508763,0.0248009874765625,0.3062862151026264,0.3072886827426369,0.0162812826953125,0.3748078459635913,0.3751613007255305
8704,12,WALKING_UPSTAIRS,2,1,WALKING,0.8,0.8,0.11666666666666667,0.08,0.0,0.0,0.0033333333333333335,WALKING_UPSTAIRS,0.11666666666666667,WALKING_UPSTAIRS,-0.0130764997304687,0.2154426179044334,0.2158390985310971,-0.0082845841328125,0.1461800403506217,0.1464146117406423,-0.0176573042242187,0.1040675434900901,0.1055548861992111,-0.0074598461445312,0.5899499011683819,0.5899970637156456,-0.0330283048359375,0.2988179259978433,0.3006376919449525,-0.0172335584609375,0.3943511858077251,0.3947275684382654
8706,12,WALKING_UPSTAIRS,2,1,WALKING,0.5833333333333334,0.5833333333333334,0.38,0.03666666666666667,0.0,0.0,0.0,WALKING_UPSTAIRS,0.38,WALKING_UPSTAIRS,-0.0041050181976562,0.2068135181308466,0.2068542541405932,0.000783616,0.1365577631227675,0.1365600114350073,-0.0016429323570312,0.103825108485201,0.1038381065827644,-0.2310122920859375,0.3254098453589697,0.3990717310852111,0.0145110827265625,0.3487481147127819,0.3490498804434931,0.0031815561484374,0.3852234290645059,0.3852365670594396
8709,12,WALKING_UPSTAIRS,2,1,WALKING,0.5733333333333334,0.5733333333333334,0.4,0.023333333333333334,0.0,0.0,0.0033333333333333335,WALKING_UPSTAIRS,0.4,WALKING_UPSTAIRS,0.0011023665937499,0.2055074183206974,0.2055103749131541,-0.0075419562781249,0.1352473300012306,0.1354574522754763,0.0025689009359374,0.1117445514263281,0.1117740758203347,0.1154559637265624,0.3180224171962184,0.3383316973021519,-0.014631842296875,0.2987668798445789,0.2991249559984349,-0.0039589403124999,0.3570883857185596,0.3571103308831665
8711,12,WALKING_UPSTAIRS,2,1,WALKING,0.84,0.84,0.11333333333333333,0.04666666666666667,0.0,0.0,0.0,WALKING_UPSTAIRS,0.11333333333333333,WALKING_UPSTAIRS,0.0039215621953125,0.2173122996992046,0.2173476805733354,0.00165477124375,0.1615699225652293,0.161578396283672,-0.00299480853125,0.1111519194526449,0.1111922572670692,-0.0065327846874999,0.5835402142934101,0.583576780701025,0.010700645015625,0.353902056238296,0.3540637925762029,0.0205524094921875,0.3956844003505701,0.3962178014889346
8714,12,STANDING,5,4,SITTING,0.4533333333333333,0.02666666666666667,0.09333333333333334,0.01,0.4533333333333333,0.32,0.09666666666666666,STANDING,0.32,STANDING,-0.0069099910210937,0.0449629721752088,0.0454908435043823,0.00765670225,0.0400689638586628,0.04079395732277,0.0462225848117187,0.1912501502265389,0.196756568653629,-0.17814809515625,0.0764954284460658,0.193877008386625,0.1539776005625,0.467401986709257,0.4921114900657626,-0.1519235410703124,0.091524598329717,0.1773626635759594
8748,12,SITTING,4,5,STANDING,0.6466666666666666,0.0,0.0,0.0,0.08666666666666667,0.6466666666666666,0.26666666666666666,SITTING,0.26666666666666666,LAYING,-0.0008116882076562,0.0137716692170101,0.0137955685192453,0.0120405506117187,0.050573387617156,0.0519869444582818,-0.0044424964867187,0.0200279472493398,0.0205147372894913,-0.0379218759304687,0.0602641353758401,0.0712027716222019,-0.0005129523022656,0.0464563082102594,0.0464591400328398,-0.0024266658039062,0.038486555273442,0.0385629828169393
8753,12,SITTING,4,5,STANDING,0.6733333333333333,0.0,0.0,0.0,0.31666666666666665,0.6733333333333333,0.01,SITTING,0.31666666666666665,SITTING,0.001653527312375,0.0044544168117717,0.0047514189149942,-0.0101057807282812,0.009838904273673,0.0141042845062981,-0.0053995907636718,0.0121975439213906,0.013339252532634,-3.251368984374969e-05,0.024947578059918,0.0249475992471366,-0.0034544571539062,0.0305430805282061,0.0307378112815577,0.0033491404601562,0.0246683613788297,0.0248946740275585
8754,12,SITTING,4,5,STANDING,0.7866666666666666,0.0,0.0,0.0,0.19,0.7866666666666666,0.023333333333333334,SITTING,0.19,SITTING,0.0012797955218281,0.0035261896873065,0.0037512518295308,-0.0070029571917968,0.0075042065128038,0.0102642352280599,-7.105175351562482e-05,0.0094633298635939,0.0094635965921454,-0.0013937587554687,0.0181624537757283,0.0182158527284317,0.0037897268384374,0.0202963363549064,0.0206471135740924,-0.0029194690335156,0.0178693391548289,0.0181062580691858
8755,12,SITTING,4,5,STANDING,0.49333333333333335,0.0,0.0,0.0,0.32666666666666666,0.49333333333333335,0.18,SITTING,0.32666666666666666,SITTING,6.896956796874994e-05,0.0032375361717872,0.0032382707213783,0.0006045143871093,0.0047527834086564,0.0047910737600064,0.0038980967820312,0.0072998058988391,0.0082754048047699,0.0017723615921875,0.0136959745623815,0.0138101768571899,0.0024097108196875,0.010932365829587,0.0111947902555805,-0.0073229938632031,0.0115140096775334,0.0136454629080454
8758,12,SITTING,4,5,STANDING,0.5266666666666666,0.0,0.0,0.0,0.44,0.5266666666666666,0.03333333333333333,SITTING,0.44,SITTING,0.0001850839536718,0.0050594622212855,0.0050628464363954,0.0055387449835937,0.008043526560644,0.0097660644849945,0.0023203991203906,0.0087477706502527,0.0090502896874814,-0.0222907398117187,0.0295041834804644,0.0369780194737719,0.0056008901658125,0.0200997194111523,0.0208654904341246,-0.0252145405021875,0.032726202997226,0.0413131627372209
8759,12,SITTING,4,5,STANDING,0.53,0.0,0.0,0.0,0.37333333333333335,0.53,0.09666666666666666,SITTING,0.37333333333333335,SITTING,0.0003230985599218,0.0047536939568387,0.0047646614690562,0.0025537766929687,0.0087589895503179,0.0091236874858868,0.0034751949883593,0.0072390859002939,0.0080300277010078,0.0025446458028124,0.0153472382929715,0.0155567652641229,0.0055789089751875,0.0181129800412147,0.0189526850690573,0.0059070588132031,0.0235948525592252,0.0243230428013071
8763,12,SITTING,4,5,STANDING,0.54,0.0,0.0,0.0,0.34,0.54,0.12,SITTING,0.34,SITTING,-0.0001816746414765,0.0042293198572124,0.0042332200663286,-0.0006398762227343,0.0092062209912284,0.0092284314224983,-0.0026594322310937,0.0064953393913008,0.0070186903051755,-0.0035862891964062,0.0170155858608704,0.0173894115020869,0.0017859168398437,0.0166259744857342,0.0167216185388593,0.0119058279644531,0.0201787608769171,0.0234292793326418
8764,12,SITTING,4,5,STANDING,0.6433333333333333,0.0,0.0,0.0,0.24,0.6433333333333333,0.11666666666666667,SITTING,0.24,SITTING,0.0002769402593515,0.0046949089116869,0.0047030698055936,-0.0091878974898437,0.0104721559628793,0.0139313858174535,0.001696849453125,0.0070150444009204,0.007217350345761,-0.0011664136158593,0.0203790163106888,0.0204123694488068,0.0059908658421875,0.0194455169742269,0.0203474471109777,0.0041626033589843,0.028327115908895,0.0286313248460528
8765,12,SITTING,4,5,STANDING,0.61,0.0,0.0,0.0,0.23666666666666666,0.61,0.15333333333333332,SITTING,0.23666666666666666,SITTING,-7.970084924218757e-05,0.0043177213779577,0.0043184569145753,-0.0002402763742187,0.0153343428328762,0.0153362251826253,0.0019995174966406,0.0066436462253052,0.0069380188372751,0.0085331098734375,0.0162367972000862,0.0183425065743176,0.0017395243351562,0.0179538094696349,0.0180378828964086,-0.0091893354967187,0.0186328336405458,0.0207756197584455
8766,12,SITTING,4,5,STANDING,0.6366666666666667,0.0,0.0,0.0,0.24333333333333335,0.6366666666666667,0.12,SITTING,0.24333333333333335,SITTING,1.620973585937504e-05,0.0049296184384794,0.0049296450891046,0.0070893608015625,0.0108053326432824,0.0129233993247409,-0.00100670211,0.007082566899305,0.0071537544703051,0.0043562812960937,0.0173813663955348,0.017918958800849,-0.0030565266312499,0.0181065481633055,0.0183627187920973,-0.0027200183303125,0.0137052523261315,0.0139725602893732
8794,12,LAYING,6,4,SITTING,0.5633333333333334,0.0,0.0,0.0,0.5633333333333334,0.12666666666666668,0.31,LAYING,0.31,LAYING,-0.0033006116445312,0.0096762097965761,0.0102236526376521,0.0006482086750781,0.0108219951657695,0.0108413907712242,-0.0041739232929687,0.0116745178909888,0.0123982258264078,-0.0046871439469531,0.0159479578887945,0.016622475122623,-0.0121996779914062,0.0425166596934143,0.0442323240919987,-0.0087873100664062,0.017729356892842,0.0197875444165498
8804,12,WALKING,1,3,WALKING_DOWNSTAIRS,0.48,0.13,0.39,0.48,0.0,0.0,0.0,WALKING,0.39,WALKING_UPSTAIRS,-0.0205850868320312,0.3049166518478611,0.3056107170470172,-0.0079943979062499,0.1765747295381152,0.1767556095555159,0.0030519852398437,0.0888485505100442,0.0889009535474176,-0.60751351109375,0.4391466248149881,0.7496148506051971,0.1448611394296874,0.4668667264858804,0.4888243958892694,-0.0719925507375,0.2508208509715727,0.2609483217876585
8805,12,WALKING,1,2,WALKING_UPSTAIRS,0.5233333333333333,0.13,0.5233333333333333,0.3433333333333333,0.0,0.0,0.0033333333333333335,WALKING,0.3433333333333333,WALKING_DOWNSTAIRS,0.0008757236562499,0.3219451776938968,0.3219463687204391,0.0171108861796875,0.157723866369107,0.1586493001821128,0.0055061174242187,0.0805983108395583,0.0807861686136888,-0.3276690349765625,0.3993652798503075,0.5165845751011021,0.10102523234375,0.4650644777673615,0.4759107753047176,0.0097584052734375,0.2239270676209998,0.224139595089356
8808,12,WALKING,1,3,WALKING_DOWNSTAIRS,0.37,0.2833333333333333,0.34,0.37,0.0,0.0,0.006666666666666667,WALKING,0.34,WALKING_UPSTAIRS,-0.0126705297171875,0.3010010688789271,0.3012676314999186,0.0067987595937499,0.1612925160733067,0.1614357422421426,-0.0138003290353125,0.0807334106313092,0.0819044118081955,-0.0715031299296874,0.3956681629955391,0.4020770980769811,-0.0267101040039062,0.4851188491726239,0.4858536070448283,0.0420066780171875,0.217096327821783,0.2211229896499746
8809,12,WALKING,1,2,WALKING_UPSTAIRS,0.6266666666666667,0.17666666666666667,0.6266666666666667,0.19666666666666666,0.0,0.0,0.0,WALKING,0.19666666666666666,WALKING_DOWNSTAIRS,0.0135837514624999,0.3245076397173236,0.3247918203075675,-0.0223058750703125,0.1907652283816909,0.1920648963818508,-0.0049300875353125,0.0912957142222773,0.0914287328932299,0.0032320917890625,0.456202709406284,0.4562141585779285,-0.0356129170585937,0.5272236501704499,0.5284250724184794,-0.0030078841078124,0.2441045042169962,0.2441230352626142
8810,12,WALKING,1,2,WALKING_UPSTAIRS,0.5166666666666667,0.23333333333333334,0.5166666666666667,0.25,0.0,0.0,0.0,WALKING,0.25,WALKING_DOWNSTAIRS,0.0064949900859374,0.3212240282380885,0.3212896842628482,-0.0024771125546874,0.1812295382206638,0.1812464664766838,0.0018603625624999,0.0899341384775575,0.0899533779941834,0.0311518129999999,0.445512930506232,0.4466007240269967,0.0009114646874999,0.5422343085564382,0.5422350746157566,-0.038442086921875,0.2275423109489032,0.2307667595622826
8813,12,WALKING,1,2,WALKING_UPSTAIRS,0.36333333333333334,0.3233333333333333,0.36333333333333334,0.30333333333333334,0.0,0.0,0.01,WALKING,0.3233333333333333,WALKING,0.017271376621875,0.3092176725032016,0.3096996439111804,1.2920131250000915e-05,0.1562661841903165,0.1562661847244365,0.0043171536953125,0.0828202634196155,0.082932706750253,-0.0078237483593749,0.3851634120342803,0.385242864967386,0.0393872091640625,0.4903200657185577,0.4918995010080661,-0.0031244634257812,0.1986259049814854,0.1986504779793221
8814,12,WALKING,1,2,WALKING_UPSTAIRS,0.38666666666666666,0.27666666666666667,0.38666666666666666,0.3333333333333333,0.0,0.0,0.0033333333333333335,WALKING,0.3333333333333333,WALKING_DOWNSTAIRS,-0.008485991625,0.317275553451775,0.3173890181968962,-0.01548693571875,0.1610151757976024,0.161758251768154,0.0134837043585937,0.0867935254212058,0.0878346534021252,0.0049583399453125,0.3945716906066826,0.3946028435822896,-0.01284698446875,0.5186890753536894,0.5188481491739231,0.0016606184062499,0.2249349904805121,0.2249411202869747
8816,12,WALKING,1,3,WALKING_DOWNSTAIRS,0.45,0.11333333333333333,0.43666666666666665,0.45,0.0,0.0,0.0,WALKING,0.43666666666666665,WALKING_UPSTAIRS,0.012856249375,0.3003146811949694,0.3005897384962239,-0.016524211296875,0.1833300022612951,0.184073190030787,-0.0089924378749999,0.0987227483486272,0.0991314530330415,-0.539547123171875,0.4839458344471973,0.7247859468848997,0.13801762734375,0.5147757952241496,0.5329568320288744,0.009356419765625,0.2003629051771688,0.2005812462865502
8817,12,WALKING,1,2,WALKING_UPSTAIRS,0.56,0.16666666666666666,0.56,0.2733333333333333,0.0,0.0,0.0,WALKING,0.2733333333333333,WALKING_DOWNSTAIRS,-0.0148709328984374,0.3007535836420638,0.3011210100919789,0.009693475203125,0.1732732042998377,0.1735441349912088,-0.0002222552585937,0.0849921742868437,0.0849924648860426,-0.2437929356515624,0.4152571028254114,0.4815324048499345,0.0771800293171875,0.4941724401893134,0.5001631309563536,0.0232190110234375,0.200079409955741,0.2014221754453665
8818,12,WALKING,1,2,WALKING_UPSTAIRS,0.4766666666666667,0.25666666666666665,0.4766666666666667,0.26,0.0,0.0,0.006666666666666667,WALKING,0.26,WALKING_DOWNSTAIRS,0.0052532925703125,0.3036742048575063,0.3037196400937351,0.0156845040499999,0.1667063994366145,0.1674426089154565,0.0016293777882812,0.0777613730530567,0.0777784418143845,-0.1170468555234374,0.3874893684351665,0.4047813941354131,0.0560860140203125,0.5149616823692654,0.5180069258970105,0.0236580479476562,0.2285663194413229,0.2297874357219003
8819,12,WALKING,1,2,WALKING_UPSTAIRS,0.4766666666666667,0.31666666666666665,0.4766666666666667,0.20666666666666667,0.0,0.0,0.0,WALKING,0.31666666666666665,WALKING,0.0180770698203125,0.302450193765351,0.3029899340935055,-0.00852883835625,0.1893811368854591,0.1895730890494114,0.0041299752421875,0.0757120253743433,0.0758245836242197,-0.0956476988875,0.4929894356955278,0.5021823035610363,0.0408596234921875,0.5497446747164123,0.5512610236639057,0.0054022335101562,0.2507578376265617,0.2508160227299033
8820,12,WALKING,1,2,WALKING_UPSTAIRS,0.4766666666666667,0.30333333333333334,0.4766666666666667,0.21666666666666667,0.0,0.0,0.0033333333333333335,WALKING,0.30333333333333334,WALKING,-0.0102475923671875,0.2829070719417638,0.2830926076463078,0.00293065490625,0.1820119330231251,0.1820355253817071,0.0055373595468749,0.0794656853842291,0.0796583800007045,0.166024055953125,0.5547618218914707,0.5790722460828789,-0.0360828579921874,0.4823684539916255,0.48371613374701,0.0131664157828125,0.2183062873277175,0.218702971153521
8821,12,WALKING,1,2,WALKING_UPSTAIRS,0.45,0.3,0.45,0.23666666666666666,0.0,0.0,0.013333333333333334,WALKING,0.3,WALKING,-0.0083767009375,0.2839741112880603,0.2840976328666608,0.017840081578125,0.1559257018887277,0.1569429610406485,0.0043380275,0.0731690357656275,0.0732975189038649,0.219985135859375,0.4382200902052034,0.4903369325866902,-0.0520422858046875,0.4377549980804252,0.4408376547621243,0.0138090741343749,0.186655899241981,0.1871660098689964
8822,12,WALKING,1,2,WALKING_UPSTAIRS,0.45,0.26666666666666666,0.45,0.2733333333333333,0.0,0.0,0.01,WALKING,0.2733333333333333,WALKING_DOWNSTAIRS,0.0059007781484375,0.3166689390271396,0.3167239115181097,-0.0073479511015625,0.1673949052855987,0.1675561001604105,-0.003218061875,0.0821731940427568,0.0822361826778207,0.00151869153125,0.3795645088347891,0.3795675470729311,-0.0568566370390625,0.4633403479101447,0.4668157614914964,-0.0102557763671874,0.2031754038654746,0.2034340819154757
8823,12,WALKING,1,3,WALKING_DOWNSTAIRS,0.5966666666666667,0.07333333333333333,0.3233333333333333,0.5966666666666667,0.0,0.0,0.006666666666666667,WALKING,0.3233333333333333,WALKING_UPSTAIRS,-0.0021732024062499,0.3355878839926581,0.3355949205386879,-0.01465693625625,0.1596537323933551,0.1603251073523695,-0.007062368453125,0.0941810039014195,0.0944454262738376,-0.0357868818359375,0.3828733195408516,0.3845421689851067,0.00181108884375,0.4983906539181748,0.4983939445416506,-0.0132349708515625,0.2112400342298274,0.2116542381216601
8824,12,WALKING,1,2,WALKING_UPSTAIRS,0.4033333333333333,0.20333333333333334,0.4033333333333333,0.38666666666666666,0.0,0.0,0.006666666666666667,WALKING,0.38666666666666666,WALKING_DOWNSTAIRS,-0.0182313375859375,0.322490062764279,0.3230049879674941,0.0066484626265624,0.1549118003441282,0.1550544031659722,-0.0019655880625,0.0886500675253224,0.0886718557868034,-0.096093334078125,0.3988676506042641,0.410279577304081,0.0539710275468749,0.4979529659484845,0.5008692724767193,0.0032519265664062,0.205768426637723,0.2057941214596697
8825,12,WALKING,1,3,WALKING_DOWNSTAIRS,0.4766666666666667,0.14333333333333334,0.38,0.4766666666666667,0.0,0.0,0.0,WALKING,0.38,WALKING_UPSTAIRS,0.0179828532109374,0.3323110815967071,0.3327972925995334,0.009096087125,0.1617518238855013,0.1620073804839515,0.0048376144375,0.0869830499710482,0.0871174695208245,-0.04843052834375,0.4392836983514276,0.4419453401869543,0.0404000612734374,0.5077722272744348,0.5093768739765654,-0.0077882563085937,0.2091278746760196,0.2092728479828123
8826,12,WALKING,1,2,WALKING_UPSTAIRS,0.47,0.2,0.47,0.32666666666666666,0.0,0.0,0.0033333333333333335,WALKING,0.32666666666666666,WALKING_DOWNSTAIRS,0.0116771253984374,0.3265802352562408,0.3267889308370043,-0.0098156991015624,0.1725286002232006,0.1728075977607159,0.0098639967210937,0.0856499612335822,0.0862160906712192,0.017635308890625,0.4065154162932612,0.4068977608733565,0.0204594369921874,0.5030582772848715,0.5034741491942362,-0.01432754309375,0.208385641616765,0.2088776056046557
8849,12,WALKING_UPSTAIRS,2,3,WALKING_DOWNSTAIRS,0.38666666666666666,0.3233333333333333,0.29,0.38666666666666666,0.0,0.0,0.0,WALKING_UPSTAIRS,0.3233333333333333,WALKING,0.013624749328125,0.26388664282587,0.264238138912918,0.0020723519296874,0.1534338476156367,0.1534478420723436,0.0047240121484375,0.0905195630826223,0.0906427470427029,-0.2958310550898437,0.4506814196253197,0.5391008766001626,0.0390382041705468,0.3783007711002364,0.3803096827585314,-0.0001969835914062,0.2435923172464553,0.2435923968929101
8853,12,WALKING_UPSTAIRS,2,1,WALKING,0.9466666666666667,0.9466666666666667,0.05,0.0033333333333333335,0.0,0.0,0.0,WALKING_UPSTAIRS,0.05,WALKING_UPSTAIRS,-0.0043595610468749,0.2559800333950929,0.2560171542484493,-0.0091983373671874,0.187814382208074,0.1880394947199155,-0.0036088832609374,0.0970177240846375,0.0970848228352606,-0.0205773638593749,0.3937026138244553,0.3942399980159412,0.0062750205390625,0.3749945949401576,0.3750470931991055,0.0130056548828124,0.292097250535513,0.2923866461200598
8855,12,WALKING_UPSTAIRS,2,1,WALKING,0.5066666666666667,0.5066666666666667,0.35,0.13666666666666666,0.0,0.0033333333333333335,0.0033333333333333335,WALKING_UPSTAIRS,0.35,WALKING_UPSTAIRS,-1.3845625000001582e-05,0.2339029373414597,0.233902937751248,0.0053326112109374,0.1484939774084296,0.1485896970482887,0.0115210559945312,0.0823540691112786,0.08315604265725,-0.15104066440625,0.358141516129929,0.3886883428662681,0.076374883640625,0.3567601639511399,0.3648437164507062,0.0166620346265625,0.2148204788330477,0.2154656852585968
8860,12,WALKING_UPSTAIRS,2,1,WALKING,0.6366666666666667,0.6366666666666667,0.29333333333333333,0.06666666666666667,0.0,0.0,0.0033333333333333335,WALKING_UPSTAIRS,0.29333333333333333,WALKING_UPSTAIRS,-0.012832687625,0.2229510001140701,0.22332000878458,-0.0014051140476562,0.1549863213665248,0.1549926906541551,-0.0047259612335937,0.0862339805986262,0.0863633841362511,0.1200126853367187,0.4153858854892001,0.4323753907259028,0.0062197936015625,0.352378759653176,0.3524336477794889,-0.0214010725078124,0.2508244433093125,0.2517357886076414
8861,12,WALKING_UPSTAIRS,2,1,WALKING,0.5866666666666667,0.5866666666666667,0.3466666666666667,0.06666666666666667,0.0,0.0,0.0,WALKING_UPSTAIRS,0.3466666666666667,WALKING_UPSTAIRS,-0.0047373095546875,0.2450710384306755,0.2451168210860009,-0.0013036773984374,0.181217524772751,0.1812222140343778,0.0035808070132812,0.0943608900622394,0.0944288078512294,0.0968250100242187,0.4689614991679165,0.4788527647074931,-0.0333456473984375,0.3602074878621197,0.3617476558491569,-0.0201645850859374,0.2592679657596919,0.260050934551016
8862,12,WALKING_UPSTAIRS,2,1,WALKING,0.49,0.49,0.38666666666666666,0.12333333333333334,0.0,0.0,0.0,WALKING_UPSTAIRS,0.38666666666666666,WALKING_UPSTAIRS,-0.0041485504687499,0.2484755318858198,0.2485101615969311,0.00443931915625,0.1888931582788516,0.1889453169547484,-0.0010802461039062,0.1023026457699907,0.1023083489417418,-0.14813998453125,0.4219740343284313,0.4472220261395128,0.0592615442890625,0.3925858705642199,0.397033495310145,3.47023398437462e-05,0.2794362207986461,0.2794362229534355
8865,12,WALKING_UPSTAIRS,2,1,WALKING,0.4,0.4,0.3466666666666667,0.25333333333333335,0.0,0.0,0.0,WALKING_UPSTAIRS,0.3466666666666667,WALKING_UPSTAIRS,0.0033930307515625,0.2206446465893278,0.2206707337328863,-0.0244512190132812,0.1633737055974328,0.1651933103726422,0.009292602703125,0.0922245041014332,0.0926914862420136,-0.3548261901953125,0.4146459031081101,0.5457406437245264,0.0944374333515625,0.4336486451539276,0.4438125463096642,-0.00726318079375,0.2300771423542091,0.2301917575177741
8868,12,WALKING_UPSTAIRS,2,1,WALKING,0.58,0.58,0.33,0.08333333333333333,0.0,0.0,0.006666666666666667,WALKING_UPSTAIRS,0.33,WALKING_UPSTAIRS,-0.007172883125,0.2129355742731861,0.2130563518024667,0.0055374459374999,0.1702462077213375,0.1703362396878818,0.0010233252890625,0.0864231490960919,0.0864292074146962,0.1486284048828124,0.3563212055836923,0.3860766818737246,0.0052827815546875,0.3913314892562247,0.3913671451009259,-0.0058825453281249,0.2281365731041215,0.2282124017822643
8869,12,WALKING_UPSTAIRS,2,1,WALKING,0.44333333333333336,0.44333333333333336,0.4166666666666667,0.13666666666666666,0.0,0.0,0.0033333333333333335,WALKING_UPSTAIRS,0.4166666666666667,WALKING_UPSTAIRS,-0.012706665234375,0.2240641695497914,0.2244241774350886,-0.0038977087812499,0.2003114790855818,0.2003493967727303,0.0037955483007812,0.095959398664104,0.0960344332980625,0.2598894150671875,0.4043309163342392,0.4806516388900077,-0.056389463984375,0.4248166772755587,0.4285428577632479,0.019207143671875,0.2144815160742752,0.2153398130990914
8870,12,WALKING_UPSTAIRS,2,1,WALKING,0.9133333333333333,0.9133333333333333,0.07,0.016666666666666666,0.0,0.0,0.0,WALKING_UPSTAIRS,0.07,WALKING_UPSTAIRS,-0.0118105877968749,0.2160414219843865,0.2163640127127047,-0.0103957648515625,0.1999187562328478,0.2001888633779057,0.0090414969726562,0.1058009949291407,0.1061866243719171,-0.0411318477062499,0.591817382868114,0.5932450114080977,0.02806844265625,0.4112401215735659,0.4121968887133775,0.0008688742968749,0.258896538678562,0.2588979966749143
8871,12,WALKING_UPSTAIRS,2,1,WALKING,0.49666666666666665,0.49666666666666665,0.43333333333333335,0.07,0.0,0.0,0.0,WALKING_UPSTAIRS,0.43333333333333335,WALKING_UPSTAIRS,-0.0047398540546875,0.1975468002000497,0.1976036550414442,-0.0013015096015624,0.1812680723673415,0.1812727447439762,-0.0074559604835937,0.1071696508861741,0.1074286992278942,-0.499787078765625,0.3846259900232657,0.6306538482420085,0.1567743104453125,0.3638333228946987,0.3961727795598801,-0.0084942770859375,0.2634569044793766,0.2635938035331409
8872,12,WALKING_UPSTAIRS,2,1,WALKING,0.37666666666666665,0.37666666666666665,0.33666666666666667,0.27666666666666667,0.0,0.0,0.01,WALKING_UPSTAIRS,0.33666666666666667,WALKING_UPSTAIRS,-0.0010468463203125,0.2002513996124429,0.2002541358722976,-0.0201589076562499,0.1779293042770074,0.1790676377193632,-0.0237410523721093,0.1167201529776926,0.1191101661440836,0.002151755171875,0.8918639016630189,0.8918664973749729,-0.076081117265625,0.4297539967270556,0.4364365178433902,-0.0069332226914062,0.2021533786170572,0.2022722374998109
8884,13,STANDING,5,6,LAYING,0.6633333333333333,0.0,0.0,0.0,0.18,0.15666666666666668,0.6633333333333333,STANDING,0.18,SITTING,-0.000334450191875,0.0112255338876667,0.0112305150368983,0.0023285675648437,0.0076220153672499,0.0079697769832434,-0.0033463961041406,0.0102173114772376,0.0107513636674005,-0.0047213457999999,0.0493773760703708,0.0496025843455561,0.0034155418531249,0.0744773776488635,0.0745556551014199,-0.005502111453125,0.0196883475359513,0.0204427067468818
8885,13,STANDING,5,6,LAYING,0.67,0.0,0.0,0.0,0.09,0.24,0.67,STANDING,0.24,STANDING,0.0015922457163281,0.0133377647380691,0.0134324686721855,0.0069032436447656,0.0095296692893184,0.0117673008622527,0.0007945841263281,0.0126677643828229,0.0126926600203633,-0.0089583692257812,0.0554157957713132,0.0561352188928958,0.0066164953890625,0.0841174023423492,0.0843772207888962,-0.0006354722695312,0.0240970805450829,0.0241054582159633
8886,13,STANDING,5,6,LAYING,0.4666666666666667,0.0,0.0,0.0,0.11,0.42333333333333334,0.4666666666666667,STANDING,0.42333333333333334,STANDING,0.0011359846577343,0.0095629633116569,0.0096301987748283,6.955287859374993e-05,0.0131549141533455,0.0131550980226227,0.003802651315625,0.0103576994573338,0.0110336800332744,0.0062457958007812,0.0369960508234716,0.0375195647858281,-0.0010001521874999,0.0510999409657034,0.0511097277540835,0.0060447140546875,0.016505694144616,0.0175777275891552
8889,13,STANDING,5,4,SITTING,0.35,0.0,0.0,0.0,0.35,0.31,0.34,STANDING,0.34,LAYING,-0.0029515235614843,0.0112740837457091,0.0116540317332355,-0.0073918444210937,0.0159067035916929,0.0175403130844244,-0.0102660330539062,0.0158880706354704,0.0189161894466511,0.0196409851210937,0.0225222978098775,0.0298834769590795,-0.0189077072023437,0.0549809274144675,0.0581412398474999,0.0064603461742187,0.0174855171617975,0.0186407988859453
8900,13,SITTING,4,6,LAYING,0.44333333333333336,0.0033333333333333335,0.03333333333333333,0.0,0.43666666666666665,0.08333333333333333,0.44333333333333336,SITTING,0.43666666666666665,SITTING,-0.0016010069671093,0.0482873206994396,0.0483138547793411,0.0922151874765625,0.1546853693711249,0.1800866577479267,0.1395021832375,0.2254689252625652,0.2651359941371319,0.1056669703359375,0.0414766351615283,0.1135157252731903,-0.1856021333359375,0.0745329319353204,0.2000082744331499,0.115888082109375,0.0335443687608488,0.1206452330204266
8901,13,SITTING,4,6,LAYING,0.5033333333333333,0.0,0.0,0.0,0.4066666666666667,0.09,0.5033333333333333,SITTING,0.4066666666666667,SITTING,-0.0079064987225781,0.0182666075225621,0.0199043129103582,-0.0145517767742187,0.0189425653535192,0.0238867115664554,-0.026015260683125,0.0299855361487973,0.0396979365526948,0.0640337713046875,0.0384530159614609,0.0746924246763578,-0.176145562890625,0.0502206812391853,0.1831648878747861,0.109891370390625,0.0252644407571175,0.1127581715579826
8906,13,SITTING,4,5,STANDING,0.46,0.0,0.0,0.0,0.23333333333333334,0.46,0.30666666666666664,SITTING,0.30666666666666664,LAYING,-2.4160127734374963e-05,0.0018655312710913,0.0018656877110576,-0.0002541689192421,0.0026488258590771,0.0026609923470811,0.0012359585067968,0.0045888581638638,0.0047523902068941,-0.0049678691964062,0.00564175164831,0.0075172525575379,0.0066537323900781,0.0061242827811047,0.0090431739064175,-0.005906806084375,0.0033851984370553,0.0068080780383784
8907,13,SITTING,4,5,STANDING,0.4666666666666667,0.0,0.0,0.0,0.39666666666666667,0.4666666666666667,0.13666666666666666,SITTING,0.39666666666666667,SITTING,0.000170521549375,0.0018069290328395,0.0018149573351789,6.93995734140625e-05,0.002669443406425,0.002670345371089,-0.00028513846875,0.0044635778438819,0.0044726760574352,-0.0016078500607812,0.0047271575279861,0.004993115271286,0.0045339170283593,0.0059294021758572,0.0074641954545086,-0.0041377511476562,0.0033109438583744,0.0052993710752539
8908,13,SITTING,4,5,STANDING,0.56,0.0,0.0,0.0,0.29333333333333333,0.56,0.14666666666666667,SITTING,0.29333333333333333,SITTING,0.0001831174739062,0.0021995032574971,0.0022071127268425,0.0001298948459375,0.0025469848665834,0.0025502949989375,0.0004165056820312,0.0050793660532427,0.0050964140810965,2.2715343046874956e-05,0.0054010701312124,0.0054011178980915,0.003266677434375,0.0062141400254859,0.007020449965394,-0.002540063657664,0.0036874622527621,0.0044776446096727
8909,13,SITTING,4,5,STANDING,0.6966666666666667,0.0,0.0,0.0,0.24666666666666667,0.6966666666666667,0.056666666666666664,SITTING,0.24666666666666667,SITTING,-0.0004650094774218,0.0024480031625391,0.0024917771364818,0.0003369124982031,0.0040215584908832,0.0040356465067001,0.000357017509375,0.0052125378573852,0.0052247499860447,-0.0008580198170312,0.0074775647210186,0.0075266308640348,0.0021008781960937,0.0075470498933697,0.0078340060816822,-0.0014651173803203,0.0054462043476941,0.0056398325094775
8910,13,SITTING,4,5,STANDING,0.46,0.0,0.0,0.0,0.4,0.46,0.14,SITTING,0.4,SITTING,-0.000494833106875,0.0026906607915887,0.002735784220119,0.0004065628966406,0.0042187302916355,0.0042382754349485,0.000129678584375,0.0052638863787512,0.0052654834862193,0.0005571540765156,0.0071467800574182,0.0071684646790013,-0.0008342820559375,0.0084976507232973,0.0085385065652029,0.0004377932914062,0.0055231577838432,0.0055404814656515
8911,13,SITTING,4,6,LAYING,0.5166666666666667,0.0,0.0,0.0,0.44333333333333336,0.04,0.5166666666666667,SITTING,0.44333333333333336,SITTING,0.0004410563692187,0.0024835257654847,0.002522385963459,0.0001452369317968,0.0029817211459367,0.0029852562299548,-0.0001491515453125,0.0046001244377832,0.0046025418006314,0.0015287462778437,0.0042660355458102,0.0045316800924312,-0.000990671809375,0.0064373539897919,0.0065131372643128,0.0012751923164062,0.0036162997638864,0.003834545530582
8912,13,SITTING,4,5,STANDING,0.6366666666666667,0.0,0.0,0.0,0.31666666666666665,0.6366666666666667,0.04666666666666667,SITTING,0.31666666666666665,SITTING,9.676464109375004e-05,0.0024099041627108,0.0024118460707966,-0.0002976039825781,0.0032551003847568,0.0032686765892774,-0.0006991065846874,0.0047757041635483,0.0048266033889772,-0.0008717335282812,0.0084769784617872,0.00852168311931,0.0011878235739062,0.01187306990103,0.0119323389877036,-0.0001022442933593,0.0045468374353446,0.0045479868688218
8923,13,SITTING,4,5,STANDING,0.6966666666666667,0.0,0.0,0.0,0.25,0.6966666666666667,0.05333333333333334,SITTING,0.25,SITTING,0.0002542183310156,0.002298434284136,0.0023124504574836,-0.0001611253846093,0.0040199098652835,0.0040231376703475,0.0002353360065625,0.0051476378664139,0.0051530145196499,-0.0017554080042187,0.0098957174908829,0.0100502080535997,0.0024277105947109,0.012442848663924,0.0126774706312019,-0.0026678512928906,0.0136249089278292,0.0138836441114219
8927,13,LAYING,6,5,STANDING,0.4633333333333333,0.0,0.0,0.0,0.21,0.4633333333333333,0.32666666666666666,LAYING,0.32666666666666666,LAYING,-0.0020389468125,0.0061745774058083,0.0065025156858344,-0.0026422109289062,0.0099962924299942,0.0103395909463958,0.0018067240117187,0.0104156814984851,0.010571219075036,0.03088066090625,0.0169715643780811,0.0352370432279178,-0.01238468204375,0.0201576342727555,0.0236582029917521,-0.0121799609950781,0.014271364193742,0.0187622835974741
8956,13,LAYING,6,5,STANDING,0.58,0.0033333333333333335,0.0033333333333333335,0.0,0.09333333333333334,0.58,0.32,LAYING,0.32,LAYING,-0.0133270363664062,0.0333920206887035,0.0359532605473595,0.0132475538314062,0.0306813049785787,0.0334191585427366,-0.0002827363853125,0.0185121084963229,0.0185142674941033,0.0298023702179687,0.1006425189677595,0.1049623641825236,-0.0185025797232812,0.2294420505965542,0.2301868806825622,0.0115164830028906,0.1070384581920386,0.107656216322536
8961,13,WALKING,1,2,WALKING_UPSTAIRS,0.5066666666666667,0.4766666666666667,0.5066666666666667,0.016666666666666666,0.0,0.0,0.0,WALKING,0.4766666666666667,WALKING,0.0058214505624999,0.2105730505586267,0.210653504381526,-0.0108137510780468,0.1629883951039289,0.1633467298446234,0.01465884503125,0.1677619101009228,0.1684011289105875,-0.0669648968515625,0.3687452892489438,0.3747764477039981,0.0228267490015625,0.5769425061365266,0.5773939000864803,0.0536749955468749,0.3146208906583555,0.3191665865744939
8965,13,WALKING,1,2,WALKING_UPSTAIRS,0.5633333333333334,0.43333333333333335,0.5633333333333334,0.0033333333333333335,0.0,0.0,0.0,WALKING,0.43333333333333335,WALKING,0.0120035140015625,0.2188852138234019,0.2192140989510074,0.0039909425859375,0.1807767244152691,0.1808207723494134,0.018245599746875,0.1893929162780943,0.1902697523161378,-0.014438038328125,0.4080603119351046,0.4083156562358823,0.03348676796875,0.6274269629217624,0.6283199482988101,0.05169181024375,0.3493633520298578,0.3531668090121355
8987,13,WALKING_DOWNSTAIRS,3,1,WALKING,0.7866666666666666,0.7866666666666666,0.16666666666666666,0.043333333333333335,0.0,0.0,0.0033333333333333335,WALKING_DOWNSTAIRS,0.16666666666666666,WALKING_UPSTAIRS,0.0210795061328125,0.2217546349038765,0.2227542674791099,0.0023269106164062,0.114852037640687,0.1148756069112782,0.00780577384375,0.1485477135872064,0.1487526581856152,-0.0653045860546875,0.2521468043444991,0.2604663124108705,-0.0352677995713281,0.4605167726595782,0.4618652569607255,0.0009959010648437,0.34106131286724,0.341062766882661
8988,13,WALKING_DOWNSTAIRS,3,1,WALKING,0.9366666666666666,0.9366666666666666,0.04666666666666667,0.013333333333333334,0.0,0.0,0.0033333333333333335,WALKING_DOWNSTAIRS,0.04666666666666667,WALKING_UPSTAIRS,0.0096548704921875,0.2141010487334518,0.2143186309982985,0.0006763880695312,0.1231372521801081,0.1231391098525897,-0.0114723173726562,0.1314638351536397,0.131963457135687,-0.059483000259375,0.2818829288094549,0.2880906330897501,-0.0163724926963281,0.4323676033301449,0.4326774814183711,0.0226181349609375,0.3647823825792521,0.3654829225412688
8989,13,WALKING_DOWNSTAIRS,3,2,WALKING_UPSTAIRS,0.5066666666666667,0.45,0.5066666666666667,0.043333333333333335,0.0,0.0,0.0,WALKING_DOWNSTAIRS,0.45,WALKING,0.0018410152890625,0.2123512464322584,0.2123592267800679,-0.0005650345468749,0.1322733162890965,0.1322745231182276,-0.01772452595,0.1395125173985636,0.1406339266714711,-0.3991248708453125,0.4642719749386042,0.6122492378440983,0.0991519885,0.5701440992875196,0.5787014867579667,0.09734629628125,0.3330992554119885,0.34703229728038
8990,13,WALKING_DOWNSTAIRS,3,1,WALKING,0.5366666666666666,0.5366666666666666,0.41333333333333333,0.05,0.0,0.0,0.0,WALKING_DOWNSTAIRS,0.41333333333333333,WALKING_UPSTAIRS,0.002980537796875,0.2407575737901544,0.2407760223587063,-0.009439272328125,0.138954001578396,0.1392742417560885,-0.0030073461859374,0.1706379642542038,0.170664463131318,-0.326096855546875,0.5460467595062121,0.6360080367139982,0.0705342921874999,0.7194374524411462,0.7228868060418574,0.0410716272812499,0.3346792535042139,0.3371899780445258
8991,13,WALKING_DOWNSTAIRS,3,2,WALKING_UPSTAIRS,0.5033333333333333,0.31333333333333335,0.5033333333333333,0.18333333333333332,0.0,0.0,0.0,WALKING_DOWNSTAIRS,0.31333333333333335,WALKING,0.005490606328125,0.2511851050816938,0.2512451069628063,0.0043740963359375,0.1207928127965457,0.1208719832800695,0.0232295775140625,0.1622981863095537,0.1639521715344217,0.1783060875625,0.3541589438089471,0.396511813621883,-0.04133066171875,0.6447880865701783,0.6461113682492682,-0.0660850228359375,0.2963802442684065,0.3036584914601051
8992,13,WALKING_DOWNSTAIRS,3,1,WALKING,0.5233333333333333,0.5233333333333333,0.38666666666666666,0.09,0.0,0.0,0.0,WALKING_DOWNSTAIRS,0.38666666666666666,WALKING_UPSTAIRS,-0.003053226265625,0.2231697649880673,0.2231906498835878,0.0037826702578124,0.1720177332550608,0.1720593186912252,0.0183892808515625,0.1531889662887447,0.1542887716032888,-0.1183304981406249,0.544157881362196,0.5568751266117048,0.0797318641015625,0.5977263693137648,0.6030207150058156,-0.0001531871171875,0.2820151858619463,0.282015227466605
8993,13,WALKING_DOWNSTAIRS,3,1,WALKING,0.86,0.86,0.12666666666666668,0.013333333333333334,0.0,0.0,0.0,WALKING_DOWNSTAIRS,0.12666666666666668,WALKING_UPSTAIRS,-0.011846064125,0.2462830296480362,0.2465677593033385,-0.0010521874195312,0.1864302980460459,0.1864332672242358,0.0057584314921875,0.1724613432118046,0.1725574525648489,-0.0515172761718749,0.5604717969357261,0.5628344915732608,-0.0195257241796874,0.7306952960728185,0.7309561338464061,-0.0205682427499999,0.2934517262747154,0.2941716646168245
8994,13,WALKING_DOWNSTAIRS,3,2,WALKING_UPSTAIRS,0.68,0.12,0.68,0.19666666666666666,0.0,0.0,0.0033333333333333335,WALKING_DOWNSTAIRS,0.19666666666666666,WALKING_DOWNSTAIRS,0.0014228534718749,0.2776966184673228,0.2777002636300302,0.0010211479640624,0.1435159048621668,0.1435195376649849,0.0045148144453124,0.1731492495239797,0.173208100734905,0.3817453135156249,0.2453278349471096,0.4537788348865327,-0.1168028674218749,0.6930871703145827,0.7028603954503678,-0.0622928545703125,0.2770922229279832,0.284007921962908
8995,13,WALKING_DOWNSTAIRS,3,2,WALKING_UPSTAIRS,0.44666666666666666,0.2,0.44666666666666666,0.35333333333333333,0.0,0.0,0.0,WALKING_DOWNSTAIRS,0.35333333333333333,WALKING_DOWNSTAIRS,0.0099336879796875,0.2993388272006189,0.2995036087040018,-0.0049404892843749,0.134555407106197,0.1346460768677775,0.0007154089140624,0.1771476369453131,0.1771490815252024,0.3385367884460937,0.3152014685575141,0.4625571563733597,-0.037023880859375,0.6498632128173258,0.650917017082167,-0.0354072186875,0.2689475029254164,0.2712681891873821
8996,13,WALKING_DOWNSTAIRS,3,2,WALKING_UPSTAIRS,0.54,0.33666666666666667,0.54,0.11333333333333333,0.0,0.0,0.01,WALKING_DOWNSTAIRS,0.33666666666666667,WALKING,0.03616028534375,0.2311708872558016,0.2339819338127966,0.0188113492499999,0.1238216899809139,0.1252424759030859,0.0655366325859375,0.1611232717013245,0.173941826178878,-0.5058547745468751,0.3389164018353106,0.6088952129593921,0.138214657140625,0.6050219096367343,0.6206084132437952,0.141946603703125,0.312563848362736,0.3432855919000613
8997,13,WALKING_DOWNSTAIRS,3,2,WALKING_UPSTAIRS,0.54,0.25666666666666665,0.54,0.20333333333333334,0.0,0.0,0.0,WALKING_DOWNSTAIRS,0.25666666666666665,WALKING,0.0013477969765624,0.2826172268614486,0.2826204406541493,0.0199507566015625,0.1456050869942262,0.1469655539491175,0.0063622345640625,0.1750878566588604,0.1752034120045663,-0.2641343277890625,0.343114165314352,0.4330060895136978,0.0215126503593749,0.8855074982813969,0.8857687754928273,0.1175120393203125,0.3034504605180098,0.3254093750551924
8998,13,WALKING_DOWNSTAIRS,3,2,WALKING_UPSTAIRS,0.53,0.21333333333333335,0.53,0.25666666666666665,0.0,0.0,0.0,WALKING_DOWNSTAIRS,0.25666666666666665,WALKING_DOWNSTAIRS,-0.0065821821101562,0.2726792255963284,0.2727586574119043,-0.0152676340624999,0.1523222622890475,0.1530855062986689,-0.0294459918734374,0.1779722432704799,0.1803917564971787,-0.4580276377109374,0.5434522289814094,0.7107247301817519,0.0456200918671875,0.9870322026910888,0.9880859081735724,0.1327029054375,0.2947118809739492,0.3232106958297593
8999,13,WALKING_DOWNSTAIRS,3,1,WALKING,0.44333333333333336,0.44333333333333336,0.42333333333333334,0.13,0.0,0.0,0.0033333333333333335,WALKING_DOWNSTAIRS,0.42333333333333334,WALKING_UPSTAIRS,-0.0039806605554687,0.2348415045296779,0.2348752390274901,-0.017740873359375,0.1529359094758536,0.153961459446057,-0.0141859814296874,0.1965068176164455,0.1970182007807056,-0.40557601478125,0.5929448003991904,0.7183839085658006,0.0612341404609375,0.8948506987044392,0.8969433610489644,0.0567352450703125,0.3202122310914359,0.3251995709925576
9000,13,WALKING_DOWNSTAIRS,3,2,WALKING_UPSTAIRS,0.5333333333333333,0.4033333333333333,0.5333333333333333,0.06333333333333334,0.0,0.0,0.0,WALKING_DOWNSTAIRS,0.4033333333333333,WALKING,0.007089744946875,0.2558914680211805,0.2559896636379027,0.0097259606308281,0.1465277038513979,0.1468501355333232,0.0031453475210937,0.1871708308049937,0.1871972572322041,0.184608975140625,0.4192299440249361,0.4580766526135369,0.01130588671875,0.8147825684553165,0.8148610046708209,-0.03800768409375,0.3041368357853254,0.3065025267949358
9001,13,WALKING_DOWNSTAIRS,3,2,WALKING_UPSTAIRS,0.4033333333333333,0.3233333333333333,0.4033333333333333,0.2733333333333333,0.0,0.0,0.0,WALKING_DOWNSTAIRS,0.3233333333333333,WALKING,-0.0034883733031249,0.2604577396940039,0.2604810989588524,-0.0087063723847968,0.1582279386827226,0.1584672884222046,0.0063263203882812,0.1850426765529403,0.1851507884820674,-0.125734780546875,0.6224556771127517,0.6350277986112617,0.05391964921875,0.8791542840789969,0.8808062123908564,0.014797883984375,0.3004668217651466,0.3008309963286088
9002,13,WALKING_DOWNSTAIRS,3,1,WALKING,0.59,0.59,0.2633333333333333,0.14666666666666667,0.0,0.0,0.0,WALKING_DOWNSTAIRS,0.2633333333333333,WALKING_UPSTAIRS,-0.0032222282421874,0.2567378911220609,0.2567581108604905,-0.0106645754609375,0.1445607390870356,0.1449535803460957,-0.001107302134375,0.1689363081004066,0.1689399369971834,-0.0417621693749999,0.6539204201012567,0.6552526189312868,0.0010373100624999,0.7971600493598214,0.797160724263005,-0.0297138521093749,0.2978944250793898,0.2993726799501884
9004,13,WALKING_DOWNSTAIRS,3,2,WALKING_UPSTAIRS,0.4666666666666667,0.12333333333333334,0.4666666666666667,0.4066666666666667,0.0,0.0,0.0033333333333333335,WALKING_DOWNSTAIRS,0.4066666666666667,WALKING_DOWNSTAIRS,-0.0052408129609375,0.2638812328015523,0.2639332702509454,0.0143613558593749,0.1292896866624001,0.1300848631447226,-0.0025167833351562,0.1540054155324366,0.1540259790154719,0.3541848675468749,0.2352462897529405,0.4251914124741018,-0.0923205371875,0.5910946648790741,0.5982607996811203,-0.0478800496328125,0.2748254686769454,0.2789651185835665
9006,13,WALKING_DOWNSTAIRS,3,2,WALKING_UPSTAIRS,0.6466666666666666,0.09333333333333334,0.6466666666666666,0.26,0.0,0.0,0.0,WALKING_DOWNSTAIRS,0.26,WALKING_DOWNSTAIRS,-0.0035211654921875,0.2920948483738852,0.292116071199423,-0.0075884371992187,0.1211323785677229,0.1213698377546935,-0.0261368803281249,0.1482492720992825,0.1505356542193703,-0.4023271159296875,0.2926948874951485,0.4975313109524845,0.0904637666171875,0.6190204315143424,0.6255957062694497,0.2146545451249999,0.2685008031183652,0.3437575526705235
9007,13,WALKING_DOWNSTAIRS,3,2,WALKING_UPSTAIRS,0.54,0.2,0.54,0.26,0.0,0.0,0.0,WALKING_DOWNSTAIRS,0.26,WALKING_DOWNSTAIRS,-0.0161696402421874,0.2812148780032021,0.2816793653711922,-0.0114143323226562,0.1321150651297662,0.1326072298806305,-0.0145753426484375,0.1639799460404076,0.1646264356558033,-0.6223614206171875,0.4731225935068422,0.7817792056324371,0.1908856301562499,0.8061864656055912,0.8284768802602663,0.1410276134609375,0.3034802256524785,0.3346476282906647
9009,13,WALKING_DOWNSTAIRS,3,2,WALKING_UPSTAIRS,0.41333333333333333,0.18333333333333332,0.41333333333333333,0.4033333333333333,0.0,0.0,0.0,WALKING_DOWNSTAIRS,0.4033333333333333,WALKING_DOWNSTAIRS,0.0339780649375,0.3190570097308819,0.3208611605590634,0.0023945251328124,0.1761903807218348,0.1762066514338115,-0.006242260234375,0.1747094496396951,0.1748209301149002,0.0213060010234374,0.5371531511501055,0.5375755328045527,-0.0394562019054687,0.7798512312582219,0.7808487271961002,-0.0008465440703124,0.3150750337025653,0.315076170948448
9010,13,WALKING_DOWNSTAIRS,3,1,WALKING,0.43,0.43,0.31,0.26,0.0,0.0,0.0,WALKING_DOWNSTAIRS,0.31,WALKING_UPSTAIRS,0.0088227744609374,0.278755329745382,0.2788949178644982,-0.0005513901953124,0.1889761849872464,0.1889769894021001,0.0027466665351562,0.1643898957582738,0.1644128401447754,-0.1021189230390625,0.766157694459063,0.7729333006291584,0.0241428871179687,0.8211368630392561,0.8214917083211132,0.0010654409609374,0.3594115193106916,0.3594130985059683
9011,13,WALKING_DOWNSTAIRS,3,2,WALKING_UPSTAIRS,0.7933333333333333,0.14,0.7933333333333333,0.06666666666666667,0.0,0.0,0.0,WALKING_DOWNSTAIRS,0.14,WALKING,-0.0088547185070312,0.2789565980783899,0.2790970971746341,0.0017405471546874,0.1553291745131861,0.1553389260917736,0.0049397483320312,0.1484727095534293,0.1485548605590567,0.33876089828125,0.7131288348970177,0.7895009065009978,-0.1070071163671875,0.7039869191310025,0.7120731038740205,-0.1073651731015624,0.3241720660153706,0.3414891049210828
9012,13,WALKING_DOWNSTAIRS,3,2,WALKING_UPSTAIRS,0.61,0.11,0.61,0.27666666666666667,0.0,0.0,0.0033333333333333335,WALKING_DOWNSTAIRS,0.27666666666666667,WALKING_DOWNSTAIRS,-0.0233402658507812,0.2927542964372537,0.2936832410820484,0.0089296159789062,0.1431895760107209,0.1434677410418829,0.0073850923359374,0.1840771864587352,0.1842252701541629,0.414039570125,0.3154571609035123,0.5205208794991795,-0.1015025611328125,0.7454515289093974,0.7523302146463867,-0.07552694353125,0.2726833957118475,0.2829497366956128
9013,13,WALKING_DOWNSTAIRS,3,2,WALKING_UPSTAIRS,0.6366666666666667,0.12666666666666668,0.6366666666666667,0.22333333333333333,0.0033333333333333335,0.0,0.01,WALKING_DOWNSTAIRS,0.22333333333333333,WALKING_DOWNSTAIRS,-0.0018722437031249,0.3052400097228775,0.3052457515381766,-0.0202557116914062,0.153800256630452,0.1551283752113657,0.0069725750078125,0.1934670766513473,0.1935926820679384,0.288814510515625,0.2241798834204201,0.36560968479346,-0.1151850219140625,0.8052306788362369,0.8134273387417035,-0.002127678628125,0.2685803045807083,0.2685887321259227
9019,13,WALKING_UPSTAIRS,2,1,WALKING,0.8533333333333334,0.8533333333333334,0.14333333333333334,0.0033333333333333335,0.0,0.0,0.0,WALKING_UPSTAIRS,0.14333333333333334,WALKING_UPSTAIRS,0.010770465375,0.1970980799552556,0.1973921377523492,0.0066338334921875,0.1460517630522707,0.1462023434746471,0.019893943734375,0.1470460372365491,0.1483856666402758,-0.004576583875,0.4663367255078968,0.46635918204469,-0.0337461235156249,0.3779101249123024,0.3794138418186187,-0.0141484188671874,0.3174989204100538,0.3178140056982874
9020,13,WALKING_UPSTAIRS,2,1,WALKING,0.8233333333333334,0.8233333333333334,0.16333333333333333,0.006666666666666667,0.0033333333333333335,0.0,0.0033333333333333335,WALKING_UPSTAIRS,0.16333333333333333,WALKING_UPSTAIRS,-0.0232824818046874,0.1748270409800369,0.1763705423726454,-0.0010873082421874,0.1325663724714385,0.1325708314428544,-0.0025095646171875,0.1341334364950829,0.134156910744651,-0.04571327369375,0.4253482945225945,0.427797703412582,0.0112281776874999,0.4143436432720635,0.4144957499108394,-0.0389949871406249,0.3835435358461557,0.3855207554872614
9027,13,WALKING_UPSTAIRS,2,1,WALKING,0.84,0.84,0.16,0.0,0.0,0.0,0.0,WALKING_UPSTAIRS,0.16,WALKING_UPSTAIRS,-0.0220624140304687,0.194330885579065,0.195579250440315,0.0076973867812499,0.1500137774357889,0.1502111286949625,-0.0040832420703124,0.1711955547612071,0.1712442432194502,-0.0336052737109374,0.3843743699209945,0.3858406026759606,0.0370981138906249,0.4021452802908494,0.4038528154098318,-0.0241929159453124,0.2845191326665922,0.2855458527719967
9030,13,WALKING_UPSTAIRS,2,1,WALKING,0.9566666666666667,0.9566666666666667,0.043333333333333335,0.0,0.0,0.0,0.0,WALKING_UPSTAIRS,0.043333333333333335,WALKING_UPSTAIRS,0.0045040416242187,0.2181305198061902,0.2181770154298372,-0.0103553564617187,0.1609740741473755,0.1613068069086174,-0.0066154535,0.1511416029330845,0.1512863125408008,-0.057217650196875,0.4116049763056831,0.4155628905636954,-0.007532236578125,0.3901188087992474,0.3901915165233767,0.0225943260937499,0.3330117106867663,0.33377732551232
9040,13,WALKING_UPSTAIRS,2,1,WALKING,0.5066666666666667,0.5066666666666667,0.4666666666666667,0.02666666666666667,0.0,0.0,0.0,WALKING_UPSTAIRS,0.4666666666666667,WALKING_UPSTAIRS,-0.0321482005078125,0.2290108091662534,0.2312562593982542,-0.0078295920546874,0.1711808742248785,0.1713598383873435,-0.0199604217734375,0.167372446022404,0.1685584590725011,0.0225728980546875,0.5109657457030599,0.5114641033430121,0.0687962296406249,0.4707992910932527,0.4757992157482764,-0.03629055765625,0.3806314733590339,0.382357585365415
9060,13,STANDING,5,4,SITTING,0.58,0.0,0.0,0.0,0.58,0.36666666666666664,0.05333333333333334,STANDING,0.36666666666666664,STANDING,-0.0021051113304687,0.003178613883446,0.0038124899912922,-0.0046827026127343,0.0055244155473837,0.0072420211888315,-0.0022128556830468,0.007547816314298,0.007865510879045,-0.0207827567039843,0.0281338471076857,0.0349776547140548,0.0152384544775781,0.0219257028075251,0.0267010662421772,-0.0331595582640625,0.0390957860880767,0.0512643813394096
9067,13,STANDING,5,4,SITTING,0.47,0.0,0.0,0.0,0.47,0.4666666666666667,0.06333333333333334,STANDING,0.4666666666666667,STANDING,-0.0003915812559687,0.0022484590586261,0.0022823023503348,-0.0015312789998437,0.0038983776952605,0.0041883366662993,0.0004511586482031,0.0043865551050453,0.0044096949798651,-0.00328335700125,0.0059311842964223,0.0067793348018654,0.0008495007442968,0.0126826599730855,0.0127110784557199,-0.0002313151757812,0.0062717430096556,0.0062760072569836
9068,13,STANDING,5,4,SITTING,0.5433333333333333,0.0,0.0,0.0,0.5433333333333333,0.39666666666666667,0.06,STANDING,0.39666666666666667,STANDING,-0.0001545951527734,0.0024448279117235,0.0024497108358342,0.0007495150413281,0.004924101244092,0.0049808177902073,0.0021251784304062,0.0036683635438732,0.0042394898809977,-0.0021902092828125,0.0069793795975369,0.0073149679609027,-0.0006779455,0.0126661961803862,0.0126843263826267,-0.0028995536358984,0.0107818880253942,0.011164968458513
9088,13,SITTING,4,5,STANDING,0.7033333333333334,0.0,0.0,0.0,0.27666666666666667,0.7033333333333334,0.02,SITTING,0.27666666666666667,SITTING,-0.0008618513672656,0.0020743547935005,0.0022462714859465,0.0059060237548437,0.0067004543426752,0.0089318086069426,-0.0032188957773437,0.0065747691480448,0.0073204425669138,-0.0069715965953125,0.0135275067896987,0.0152182981648119,-0.0070650588804687,0.0126801512686873,0.0145155534920747,0.007824027144375,0.0155460930652139,0.017403919396165
9097,13,SITTING,4,5,STANDING,0.5666666666666667,0.0,0.0,0.0,0.4266666666666667,0.5666666666666667,0.006666666666666667,SITTING,0.4266666666666667,SITTING,-0.0002174101042968,0.0024147066419765,0.0024244742358408,0.0037570444117187,0.009708357560816,0.010409975467804,-0.0003784001253906,0.0077746614060455,0.0077838645050867,0.0001929972953125,0.0111147150689391,0.0111163905571772,0.0021006155984374,0.0157238393774104,0.0158635339902243,-0.0010980916246093,0.0252778649885953,0.0253017047567489
9098,13,SITTING,4,5,STANDING,0.6066666666666667,0.0,0.0,0.0,0.37666666666666665,0.6066666666666667,0.016666666666666666,SITTING,0.37666666666666665,SITTING,-0.0005303147457031,0.0025477674356492,0.0026023744226504,0.0033087442539062,0.0092903619473632,0.0098619781814183,0.0013702511046875,0.0077269456795251,0.0078475013618495,-0.0025760259578124,0.0123089812189693,0.0125756482291873,0.0069736970765625,0.0169421685223902,0.0183212861217963,-0.0073133126664062,0.0243141591158231,0.0253902122020707
9106,13,LAYING,6,4,SITTING,0.63,0.0,0.0,0.0,0.63,0.016666666666666666,0.35333333333333333,LAYING,0.35333333333333333,LAYING,-0.0005029878667968,0.0032203812391698,0.0032594251210515,-1.4676176015625016e-05,0.0030598920082558,0.0030599272037632,0.0004959110978828,0.0050162746733139,0.0050407280639937,-0.0008541434156249,0.0042988570275969,0.0043828909087696,0.0007042532713984,0.0091176912112849,0.0091448491346013,-0.0039546261535156,0.0054292949117326,0.0067168676667503
9110,13,LAYING,6,4,SITTING,0.3466666666666667,0.0,0.0,0.0,0.3466666666666667,0.31666666666666665,0.33666666666666667,LAYING,0.33666666666666667,LAYING,-0.0002733229451249,0.0024725275603078,0.0024875887861167,0.0001686326869531,0.0027890166100435,0.0027941099896403,1.970275546874997e-05,0.0040867271960109,0.0040867746907785,0.0011276655492187,0.0053446563737197,0.0054623238043929,-0.0004274486390624,0.0120032213746261,0.0120108299341601,0.0014754971667187,0.003596641858212,0.0038875345072729
9111,13,LAYING,6,4,SITTING,0.5766666666666667,0.0,0.0,0.0,0.5766666666666667,0.18333333333333332,0.24,LAYING,0.24,LAYING,-0.0005260866483593,0.0023458176541209,0.0024040856116135,0.0004142472752343,0.0028151652582103,0.0028454799658535,-0.0011138841892187,0.0047954200835611,0.0049230876251406,0.0012597786776562,0.0048898811263897,0.0050495524303545,0.0009045116921874,0.0107163880922779,0.010754492788859,0.0008257815738281,0.0033748068165909,0.0034743684687987
9112,13,LAYING,6,4,SITTING,0.5133333333333333,0.0,0.0,0.0,0.5133333333333333,0.24,0.24666666666666667,LAYING,0.24666666666666667,LAYING,8.34278008210938e-05,0.0027740152344556,0.0027752694858232,0.0002617966952343,0.0028330689079051,0.0028451391787704,-0.0002110547611718,0.0052422273774853,0.0052464742436678,-0.0010382578332812,0.0058183069733548,0.0059102178779262,-0.0034960987945312,0.0106746026597173,0.0112325352758835,-0.0006037747329062,0.0035995359715163,0.0036498223433937
9116,13,LAYING,6,5,STANDING,0.41,0.0,0.0,0.0,0.25,0.41,0.34,LAYING,0.34,LAYING,0.0009572522502343,0.0024536708076369,0.0026337866851415,0.0002241763886718,0.003103255955907,0.0031113425689098,0.0006105791120312,0.0035522980838318,0.0036043901742797,-0.005871942696875,0.0159722334804661,0.0170174014875922,-0.017241084859375,0.0046611915537002,0.0178600591776303,-0.0058217624231718,0.006012720115046,0.0083693321653364
9117,13,LAYING,6,5,STANDING,0.4766666666666667,0.0,0.0,0.0,0.24,0.4766666666666667,0.2833333333333333,LAYING,0.2833333333333333,LAYING,0.0002060521197656,0.0023532359690999,0.0023622398274362,-0.0010089882394531,0.0030585637062673,0.0032206939023525,0.0008978855254687,0.0042253082149045,0.0043196559964638,-0.0146296725671875,0.0076631476387396,0.0165151794164108,-0.0106332739244531,0.0094356005010568,0.0142160849451597,-0.00956810665625,0.0031331200795558,0.0100680239579716
9120,13,LAYING,6,5,STANDING,0.8066666666666666,0.0,0.0,0.0,0.08,0.8066666666666666,0.11333333333333333,LAYING,0.11333333333333333,LAYING,0.0001543819178906,0.0021854781155974,0.0021909240904985,-2.651938375000001e-05,0.0027912107191653,0.0027913366970858,0.0002416114294296,0.0057512553289645,0.0057563281648785,-0.0020774787749999,0.0056166109401868,0.0059885087053457,0.0007993895375,0.0061632811012558,0.0062149060785953,-0.0016121611097656,0.0030707934744552,0.0034682612367868
9128,13,LAYING,6,5,STANDING,0.8933333333333333,0.0,0.0,0.0,0.06,0.8933333333333333,0.04666666666666667,LAYING,0.06,SITTING,0.0006272603451953,0.0054571212940638,0.0054930527358455,4.989667148437528e-05,0.012702093121505,0.0127021911237869,0.00347604364875,0.0163678379238914,0.0167328717723765,-0.0156519158296875,0.0548137440253184,0.0570046401901876,-0.0101762498189062,0.0505682462391495,0.0515820083757898,-0.0065699811098437,0.0267505645469149,0.0275455505547151
9142,13,WALKING,1,2,WALKING_UPSTAIRS,0.6533333333333333,0.25,0.6533333333333333,0.09666666666666666,0.0,0.0,0.0,WALKING,0.25,WALKING,-0.025683166046875,0.2376124267242564,0.2389964233037421,-0.0288858879132812,0.2279679096738709,0.2297906925043153,0.015262899078125,0.1307095709829435,0.131597674883769,0.4065114719062499,0.5795076607856279,0.7078705430377903,-0.08463321471875,0.4142377662543917,0.4227951135302513,-0.038058690640625,0.2911956308342305,0.2936721971011629
9168,13,WALKING_DOWNSTAIRS,3,2,WALKING_UPSTAIRS,0.7,0.18,0.7,0.12,0.0,0.0,0.0,WALKING_DOWNSTAIRS,0.18,WALKING,0.006581068828125,0.3200308678562431,0.3200985267815843,0.0087136658585937,0.1895192600282682,0.1897194715741048,-0.0042570809578125,0.1232846454734756,0.1233581231528834,0.214008733625,0.5988626837120056,0.6359530265754868,-0.0575887178828124,0.4295977859756892,0.4334405589496676,0.0018612274296875,0.3668291304894376,0.3668338522317452
9177,13,WALKING_UPSTAIRS,2,1,WALKING,0.5366666666666666,0.5366666666666666,0.33666666666666667,0.11666666666666667,0.0033333333333333335,0.0033333333333333335,0.0033333333333333335,WALKING_UPSTAIRS,0.33666666666666667,WALKING_UPSTAIRS,-0.0301173751484375,0.2423505893446843,0.2442147916108841,-0.0118144968593749,0.2215347310271203,0.2218495422291846,0.012345854459375,0.1118799565634034,0.1125590725040016,-0.2258660285320312,0.4577245345085486,0.51041866378092,0.080696696921875,0.4375591611334024,0.4449381714192071,-0.06245548473125,0.3226847814421355,0.3286733267963407
9180,13,WALKING_UPSTAIRS,2,1,WALKING,0.6666666666666666,0.6666666666666666,0.29,0.04,0.0,0.0,0.0033333333333333335,WALKING_UPSTAIRS,0.29,WALKING_UPSTAIRS,0.01292715103125,0.2247903509632513,0.2251617487939868,-0.0111716344820312,0.223183046504669,0.2234624748455663,0.0028286171640625,0.0998564062950862,0.0998964611646987,0.08138577234375,0.3769170762217462,0.385603586974419,-0.0656630777109374,0.4008430159729373,0.4061856265659251,0.0393264637187499,0.3536613971355982,0.3558411929112837
9188,13,WALKING_UPSTAIRS,2,1,WALKING,0.5,0.5,0.45666666666666667,0.043333333333333335,0.0,0.0,0.0,WALKING_UPSTAIRS,0.45666666666666667,WALKING_UPSTAIRS,0.0051217211875,0.2321444643555426,0.2322009568430851,-0.0268777467890625,0.2563297562893309,0.2577350523925777,-0.01002395271875,0.103922707660947,0.1044050228470374,0.0855476005390624,0.3938878504893724,0.4030707515078826,0.0097697474687499,0.4184666701307707,0.4185806994785336,-0.049625373125,0.3708303144593977,0.3741360712091942
9197,13,WALKING_UPSTAIRS,2,1,WALKING,0.54,0.54,0.4266666666666667,0.03333333333333333,0.0,0.0,0.0,WALKING_UPSTAIRS,0.4266666666666667,WALKING_UPSTAIRS,0.0119003211640624,0.2431628527076084,0.243453877727815,0.0132109218671875,0.2481384143435616,0.2484898410992248,-0.0100148896117187,0.1271741975883713,0.1275679213054012,0.135186640625,0.5921421344442841,0.6073777532867873,-0.0456483524609375,0.4879192073856752,0.490049920945064,0.0140863019609375,0.4345346687965064,0.4347629265347083
9223,18,STANDING,5,4,SITTING,0.5666666666666667,0.0,0.0,0.0,0.5666666666666667,0.4066666666666667,0.02666666666666667,STANDING,0.4066666666666667,STANDING,0.0010915431861718,0.0026995303708896,0.0029118603590546,0.0062641451984374,0.0083542692036038,0.0104419025562102,0.0007338882532031,0.0064040820915583,0.0064459956099588,-0.0018515861972656,0.0144280563978391,0.0145463804042494,0.0053264738859375,0.0178141577453256,0.0185934273395982,0.0109968899914062,0.0257701150122032,0.0280183942656476
9226,18,STANDING,5,4,SITTING,0.49333333333333335,0.0,0.0,0.0,0.49333333333333335,0.47,0.03666666666666667,STANDING,0.47,STANDING,2.170083429687501e-05,0.0029815380849563,0.0029816170576138,-0.0035284403054687,0.0077839548603647,0.0085463351360365,3.557436320312504e-05,0.0088989202178295,0.008898991323662,0.0091241901468749,0.0104010757191258,0.013835939503746,-0.0078125121330468,0.0130650926878335,0.0152227459011403,0.0081390759640624,0.0195366634529814,0.0211642570487092
9227,18,STANDING,5,4,SITTING,0.5933333333333334,0.0,0.0,0.0,0.5933333333333334,0.37666666666666665,0.03,STANDING,0.37666666666666665,STANDING,-0.0001144368057812,0.0034304105809219,0.0034323188278799,0.0005997717460937,0.0107017497899402,0.0107185434977844,0.0001867409882031,0.0081390260771653,0.0081411680784425,0.00016343120625,0.013559630892378,0.0135606157565469,7.744835656249994e-05,0.0155230965887157,0.0155232897914885,-0.0003737032304687,0.0235619823989721,0.0235649457600465
9243,18,SITTING,4,5,STANDING,0.4,0.0,0.0,0.0,0.38333333333333336,0.4,0.21666666666666667,SITTING,0.38333333333333336,SITTING,-0.0003809782196874,0.0030060248000315,0.0030300708741349,0.0009867029088515,0.0045847355035105,0.004689710254108,-0.000953534815625,0.0047746359874185,0.0048689195369159,-0.0025677876227343,0.0071847395095367,0.0076298109475507,0.0093719965896875,0.0079567789667154,0.0122940901087587,-0.0009898660420312,0.0065231737350974,0.0065978504347576
9255,18,SITTING,4,5,STANDING,0.5266666666666666,0.0,0.0,0.0,0.36666666666666664,0.5266666666666666,0.10666666666666667,SITTING,0.36666666666666664,SITTING,-0.0017943710842187,0.00327593435251,0.0037351724819391,0.0095384296383593,0.0084092332192854,0.0127160073648243,0.0026886320977343,0.0072666032007158,0.0077480490856487,-0.010967344446375,0.0144133705726615,0.01811154039474,0.03226035709375,0.0176021205136106,0.0367500379100748,-0.0015715130093749,0.0215860824118086,0.021643211569174
9283,18,LAYING,6,4,SITTING,0.78,0.0,0.0,0.0,0.78,0.0033333333333333335,0.21666666666666667,LAYING,0.21666666666666667,LAYING,-0.0006593572408593,0.0022638154710305,0.0023578830458593,0.0001297899379687,0.0024704246239306,0.002473831694057,0.0009933122685156,0.0040952745910874,0.0042140174702046,-0.000284238493125,0.0026573726006031,0.002672530759301,0.0001229747014843,0.0067349003086779,0.0067360229323418,0.0003078117917031,0.0041667062712552,0.0041780604650997
9290,18,LAYING,6,4,SITTING,0.6733333333333333,0.0,0.0,0.0,0.6733333333333333,0.0033333333333333335,0.3233333333333333,LAYING,0.3233333333333333,LAYING,0.0004136789160156,0.0035865274111173,0.0036103059588145,-6.2364549296875e-05,0.003323335047884,0.003323920152095,-0.0001267040082031,0.005224769675095,0.0052263057759269,-0.0018334886975781,0.0032751711594518,0.0037534553318045,0.0030483781007031,0.009836351130783,0.0102978838900477,-0.0025269351081953,0.0049716011393789,0.0055769363390758
9292,18,LAYING,6,4,SITTING,0.8666666666666667,0.0,0.0,0.0,0.8666666666666667,0.016666666666666666,0.11666666666666667,LAYING,0.11666666666666667,LAYING,-0.0002549873884375,0.0027651958496702,0.0027769275567244,0.0005257729209375,0.0035753819308225,0.0036138335760855,-0.0004686915877343,0.0049254712168066,0.0049477205369749,0.0008430579905468,0.0035724665389845,0.0036705944951177,-0.0015210587966406,0.007143836749834,0.0073039731222888,0.0004210123039843,0.0044765483202131,0.0044963025057606
9293,18,LAYING,6,4,SITTING,0.9266666666666666,0.0,0.0,0.0,0.9266666666666666,0.02,0.05333333333333334,LAYING,0.05333333333333334,LAYING,0.0002145672626562,0.0023949923635825,0.0024045846900915,0.0003444821680703,0.0031717829335049,0.0031904349141443,0.0002031584078124,0.0054106332702709,0.0054144460218961,0.0002581606720312,0.0034655052673821,0.0034751077236305,0.0011141392791406,0.0062868102655879,0.0063847701328102,0.0006789299573437,0.0039790906094132,0.0040365960864197
9294,18,LAYING,6,4,SITTING,0.8366666666666667,0.0,0.0,0.0,0.8366666666666667,0.043333333333333335,0.12,LAYING,0.12,LAYING,9.13285498437501e-05,0.0024166878630064,0.0024184129364562,-0.0004347647138828,0.0025696982014461,0.0026062174128328,0.0007322586132812,0.0053207581795322,0.0053709096326212,0.0010039681723437,0.0028909203743455,0.0030602896434627,-0.0013266302671875,0.0057157145095799,0.0058676520194061,-0.0005689874755468,0.003664191911346,0.0037081058656007
9295,18,LAYING,6,4,SITTING,0.7266666666666667,0.0,0.0,0.0,0.7266666666666667,0.02,0.25333333333333335,LAYING,0.25333333333333335,LAYING,0.0002083479705468,0.0026683020029979,0.0026764238184625,-0.0001933571602343,0.0024965023422226,0.0025039790207062,-0.0004300836694531,0.0050237398484235,0.0050421160267658,-4.716736445312499e-05,0.0032150053972275,0.0032153513749623,0.0001578052781249,0.0057859637274093,0.0057881153029895,0.0003350269103125,0.0041511771709941,0.0041646746494313
9331,18,WALKING_DOWNSTAIRS,3,1,WALKING,0.7966666666666666,0.7966666666666666,0.13666666666666666,0.06333333333333334,0.0,0.0,0.0033333333333333335,WALKING_DOWNSTAIRS,0.13666666666666666,WALKING_UPSTAIRS,0.022616763296875,0.2212037932164014,0.2223570014983818,-0.0053220553203125,0.1199854650207694,0.1201034391226277,-0.006959386453125,0.1126209194552073,0.112835741495061,-0.0230336073359374,0.2679165246452775,0.2689048367822895,-4.870015390624847e-05,0.2907781953303248,0.2907781994085277,0.0061586575695312,0.2465408657149389,0.2466177761851937
9332,18,WALKING_DOWNSTAIRS,3,1,WALKING,0.44,0.44,0.25666666666666665,0.15333333333333332,0.03333333333333333,0.07,0.04666666666666667,WALKING_DOWNSTAIRS,0.25666666666666665,WALKING_UPSTAIRS,0.001963409375,0.2379471237054316,0.237955224057094,-0.0113672812070312,0.1210092277692695,0.1215419610149296,-0.0059524450867187,0.0981966215958122,0.0983768676841336,-0.0045868294218749,0.188203671072267,0.1882595570196197,-0.0141186490429687,0.2857938187761782,0.2861423476199731,0.001827158875,0.2521014429407701,0.2521080642152743
9333,18,WALKING_DOWNSTAIRS,3,1,WALKING,0.6066666666666667,0.6066666666666667,0.24,0.15333333333333332,0.0,0.0,0.0,WALKING_DOWNSTAIRS,0.24,WALKING_UPSTAIRS,-0.0014705779609374,0.2274583631513783,0.2274631169377652,0.0071439149101562,0.1376638121774106,0.1378490504264028,-0.0108614645085937,0.0852932326699506,0.0859820152739035,-0.2521846645234374,0.3901932867580747,0.4645943456951105,0.0569525520781249,0.3087966005717591,0.3140046714825849,-0.0172753982578125,0.2669663731948298,0.2675247349344863
9335,18,WALKING_DOWNSTAIRS,3,1,WALKING,0.52,0.52,0.11666666666666667,0.36333333333333334,0.0,0.0,0.0,WALKING_DOWNSTAIRS,0.36333333333333334,WALKING_DOWNSTAIRS,-0.0165736913515625,0.2250599017297779,0.2256693302414711,0.0065998593437499,0.1206397380351415,0.1208201329934083,-0.00214239096875,0.0916454687133385,0.0916705065697277,-0.0660765472890625,0.5658774614717099,0.5697222231081654,-0.014174845765625,0.2971606680659794,0.2974985527660571,0.017886993125,0.2558965997393768,0.2565209821461562
9336,18,WALKING_DOWNSTAIRS,3,1,WALKING,0.5933333333333334,0.5933333333333334,0.31666666666666665,0.09,0.0,0.0,0.0,WALKING_DOWNSTAIRS,0.31666666666666665,WALKING_UPSTAIRS,0.0151263444132812,0.2497583553345,0.2502159914048332,0.0008258007968749,0.1373114384462458,0.1373139216362757,0.0086659218125,0.1008832863411828,0.1012548056333991,-0.0897738255703125,0.3736613186008321,0.3842943153053938,-0.0091421981484374,0.2913377386242374,0.2914811447309582,-0.0019854375390625,0.2658632575087284,0.2658706709198552
9337,18,WALKING_DOWNSTAIRS,3,1,WALKING,0.7266666666666667,0.7266666666666667,0.21666666666666667,0.056666666666666664,0.0,0.0,0.0,WALKING_DOWNSTAIRS,0.21666666666666667,WALKING_UPSTAIRS,0.0083750953664062,0.2368541560683793,0.2370021803048668,-0.0160562179140625,0.1394293870294903,0.1403508322067356,0.0014774317203125,0.0901056695435816,0.090117781199857,-0.040344106359375,0.4134423432969523,0.4154060882423505,-0.0239614033359375,0.2744409323429989,0.2754849799809818,-0.0354570498046875,0.2733216942312937,0.2756119571395931
9342,18,WALKING_UPSTAIRS,2,1,WALKING,0.71,0.71,0.2,0.03333333333333333,0.04,0.016666666666666666,0.0,WALKING_UPSTAIRS,0.2,WALKING_UPSTAIRS,0.001192834640625,0.2254111664418493,0.2254143225510636,0.0123974438450781,0.1378386320583988,0.1383950327924471,-0.0023215670132812,0.1154139489499873,0.115437295903999,-0.0010335282890624,0.2408424825338518,0.240844700115641,0.0123572629140625,0.4514720376557363,0.4516411216128906,-0.00730333724375,0.1911730669956728,0.1913125199233651
9351,18,WALKING_DOWNSTAIRS,3,2,WALKING_UPSTAIRS,0.5733333333333334,0.23333333333333334,0.5733333333333334,0.18,0.013333333333333334,0.0,0.0,WALKING_DOWNSTAIRS,0.23333333333333334,WALKING,0.0103802153203124,0.2234466415355517,0.223687618082927,0.0201049286896875,0.1076340751049845,0.1094956724319407,0.0209643971640624,0.0962022861805892,0.0984600721857573,-0.314798280359375,0.2318525911124276,0.3909649361806839,0.0953954486562499,0.2834400048589902,0.2990627492329856,-0.0106964774468749,0.272272651610506,0.2724826809997059
9352,18,WALKING_DOWNSTAIRS,3,1,WALKING,0.39666666666666667,0.39666666666666667,0.33666666666666667,0.20333333333333334,0.02666666666666667,0.01,0.02666666666666667,WALKING_DOWNSTAIRS,0.33666666666666667,WALKING_UPSTAIRS,0.0024659561328125,0.2200268650310301,0.2200406832270616,-0.00177352339625,0.1165330176243813,0.1165465125256067,-0.0006304757265625,0.0877320275238675,0.0877342929138341,-0.1979580429140625,0.2318290513317918,0.3048476599807917,0.0507226734765625,0.2274000069624088,0.232988310374391,0.0118114552421875,0.2556065606846232,0.2558793159674306
9353,18,WALKING_DOWNSTAIRS,3,1,WALKING,0.38333333333333336,0.38333333333333336,0.24333333333333335,0.36,0.0033333333333333335,0.0033333333333333335,0.006666666666666667,WALKING_DOWNSTAIRS,0.36,WALKING_DOWNSTAIRS,0.0035775132156249,0.182943728877713,0.1829787051448614,-0.028876817046875,0.1207762821697289,0.1241804368550081,-0.0144016628726562,0.0825101136756009,0.0837575474345938,-0.545317647421875,0.478015255458786,0.7251688913908655,0.1317717688984375,0.2263811894598892,0.2619393861562202,-0.0377556372656249,0.2508499088460987,0.2536753139614288
9355,18,WALKING_DOWNSTAIRS,3,2,WALKING_UPSTAIRS,0.43,0.23333333333333334,0.43,0.30666666666666664,0.0,0.0,0.03,WALKING_DOWNSTAIRS,0.30666666666666664,WALKING_DOWNSTAIRS,0.0011837706171874,0.239869896480935,0.2398728174484316,0.0191651205851562,0.1382938111336696,0.1396154720828556,0.006125308046875,0.0937527870492097,0.0939526714796528,0.2149997429375,0.3844357520466047,0.4404721749609498,-0.059029601265625,0.2997859534239218,0.3055423239027098,0.00880849559375,0.2426018697066553,0.2427617284083101
9365,18,WALKING_UPSTAIRS,2,1,WALKING,0.46,0.46,0.3333333333333333,0.19666666666666666,0.0,0.0,0.01,WALKING_UPSTAIRS,0.3333333333333333,WALKING_UPSTAIRS,-0.0236802836249999,0.195590218586265,0.1970185002460006,-0.0065192670078124,0.1272117288821006,0.1273786670031219,-0.0004261102257812,0.1080778283243545,0.108078668317264,0.064233505984375,0.5665820221195068,0.5702114792601725,-0.060764683765625,0.5372741897163872,0.5406994560091002,-0.0037845606015624,0.2125491902758571,0.2125828807450623
9369,18,WALKING_DOWNSTAIRS,3,2,WALKING_UPSTAIRS,0.5433333333333333,0.2966666666666667,0.5433333333333333,0.15333333333333332,0.0033333333333333335,0.0,0.0033333333333333335,WALKING_DOWNSTAIRS,0.2966666666666667,WALKING,0.0162027353468749,0.2132884376479733,0.2139029833055964,0.003359942675,0.119614506386065,0.1196616870713482,0.0093192879765625,0.1025878663475116,0.1030102880790312,-0.2195428308828125,0.2760060509773993,0.3526732124335189,0.0655856216187499,0.2560288306977206,0.2642957357044565,-0.0050078669765624,0.2536633527093705,0.2537127809934168
9370,18,WALKING_DOWNSTAIRS,3,1,WALKING,0.6666666666666666,0.6666666666666666,0.16,0.13333333333333333,0.013333333333333334,0.013333333333333334,0.013333333333333334,WALKING_DOWNSTAIRS,0.16,WALKING_UPSTAIRS,-0.0020211078406249,0.2093670716157862,0.2093768266878481,-0.003496458325,0.1159111159057458,0.1159638392402291,0.0020503151874999,0.0927400513496919,0.0927627129654561,-0.0895358287499999,0.2631375270618838,0.2779532744512879,0.0211096958046875,0.2304381544066796,0.2314030299354854,0.0129263617265624,0.2368301842944435,0.2371826870166244
9371,18,WALKING_DOWNSTAIRS,3,1,WALKING,0.43,0.43,0.17,0.39666666666666667,0.0033333333333333335,0.0,0.0,WALKING_DOWNSTAIRS,0.39666666666666667,WALKING_DOWNSTAIRS,-0.0004760029921875,0.2009490695006095,0.2009496332716469,-0.0163119285859375,0.1331979826112438,0.1341930757747878,-0.004226174615625,0.0917356283537498,0.0918329247129757,-0.4220677520859375,0.4896622963489468,0.6464598609477623,0.1039539250703125,0.2217661956120529,0.2449217508792705,-0.0207038195078125,0.23480674888128,0.2357177495701343
9372,18,WALKING_DOWNSTAIRS,3,1,WALKING,0.44,0.44,0.12,0.42333333333333334,0.0033333333333333335,0.0033333333333333335,0.01,WALKING_DOWNSTAIRS,0.42333333333333334,WALKING_DOWNSTAIRS,-0.0008445230390624,0.1874705397575793,0.1874724419645768,-0.0254111666875,0.1297322769831201,0.1321975456793541,-0.0026486584046875,0.0847725667046254,0.0848139343329555,-0.346141084028125,0.5588447955762382,0.6573592287287165,0.06271602034375,0.2813623259353147,0.2882673371429513,-0.0475648956953125,0.2246828440831167,0.2296623602765244
9373,18,WALKING_DOWNSTAIRS,3,2,WALKING_UPSTAIRS,0.4166666666666667,0.2866666666666667,0.4166666666666667,0.24666666666666667,0.013333333333333334,0.0,0.03666666666666667,WALKING_DOWNSTAIRS,0.2866666666666667,WALKING,0.00448947196875,0.2112212193838507,0.2112689254873016,0.0136489926874999,0.1226179343876276,0.1233752521167515,0.0129142687570312,0.0866133309720105,0.0875708138571058,0.1847313824562499,0.3817044337524741,0.4240565509581172,-0.0624487199296874,0.246808224412123,0.2545862177304998,-0.006018114953125,0.2184834846881075,0.2185663532867022
9383,18,WALKING_UPSTAIRS,2,1,WALKING,0.67,0.67,0.26,0.07,0.0,0.0,0.0,WALKING_UPSTAIRS,0.26,WALKING_UPSTAIRS,0.0055336232890624,0.2275770121774123,0.2276442783342102,-0.0076768181718749,0.1336980570476347,0.133918273568459,0.0036917601804062,0.1249186845556481,0.124973224509665,-0.050982001328125,0.3298200000419239,0.3337370175558529,0.0356628477734375,0.4476890464932328,0.4491072489521087,0.0161192248359375,0.208275427681146,0.2088982603687158
9385,18,WALKING_UPSTAIRS,2,1,WALKING,0.4066666666666667,0.4066666666666667,0.3933333333333333,0.19666666666666666,0.0033333333333333335,0.0,0.0,WALKING_UPSTAIRS,0.3933333333333333,WALKING_UPSTAIRS,0.0044989262687499,0.2128253792559888,0.2128729254579528,0.009811402359375,0.1451174337093642,0.1454487304263921,-0.0026207147109375,0.1221659878505541,0.1221940945099143,-0.078818522578125,0.6119087523781922,0.6169640838318177,0.0929502442812499,0.4543235651236803,0.4637344603742911,-0.0459145736249999,0.2401875683261904,0.2445367376277314
9401,18,STANDING,5,6,LAYING,0.44333333333333336,0.0,0.0,0.0,0.13333333333333333,0.42333333333333334,0.44333333333333336,STANDING,0.42333333333333334,STANDING,0.0009424459687499,0.0037852513359528,0.0039008117206994,0.0013651697439843,0.0051486440321082,0.0053265583446775,0.0032254664132812,0.0064308745923042,0.0071944271214009,-6.653590335937499e-05,0.0135464539848592,0.0135466173855447,0.0009542182859375,0.0127319198516366,0.0127676276436038,-0.0024205134661718,0.0067036913409938,0.0071272970357096
9402,18,STANDING,5,6,LAYING,0.8333333333333334,0.0,0.0,0.0,0.08666666666666667,0.08,0.8333333333333334,STANDING,0.08666666666666667,SITTING,0.0001102090156249,0.0033568594380569,0.0033586680863099,0.0008227047057812,0.0041628032548287,0.0042433211016051,-0.0015674399953125,0.0047976145280575,0.0050471747838502,-0.0022824328799218,0.0116297782075947,0.0118516345290088,-0.0025176143415625,0.0083907283740577,0.0087602913547472,-0.0009068378607812,0.0043394580416673,0.0044331987324208
9408,18,STANDING,5,4,SITTING,0.6133333333333333,0.0,0.0,0.0,0.6133333333333333,0.2633333333333333,0.12333333333333334,STANDING,0.2633333333333333,STANDING,0.0022400456126562,0.0027883522161496,0.0035766901498573,0.0038926699322656,0.0033673193626955,0.0051470106753288,0.0043914348024218,0.0068385259659115,0.0081271235385201,-0.0066859967129687,0.0075277834785595,0.0100682707624449,-0.0021035814314843,0.0127831249675673,0.0129550507052395,0.0031057126617187,0.0101495172230185,0.010614054409014
9409,18,STANDING,5,4,SITTING,0.4033333333333333,0.0,0.0,0.0,0.4033333333333333,0.27666666666666667,0.32,STANDING,0.32,LAYING,-0.0004718710523437,0.0033543183228079,0.0033873461146988,0.0004212318676562,0.0038173942159011,0.0038405643967944,-0.0025854713997656,0.0059250821963136,0.0064646161055455,0.0009465808265625,0.0152948425195683,0.0153241059432389,-0.0106210535210937,0.0133297225991754,0.0170437168032359,0.0088630221739843,0.0087713480817403,0.0124695512841316
9410,18,STANDING,5,4,SITTING,0.42333333333333334,0.0,0.0,0.0,0.42333333333333334,0.19333333333333333,0.38333333333333336,STANDING,0.38333333333333336,LAYING,-0.0004701013445312,0.0037922703840762,0.0038212968924269,-0.0010947721573437,0.0036554944212757,0.003815909529912,-0.0010228067365625,0.0067458970725909,0.0068229950120419,0.0069243654024062,0.0114046040905646,0.0133421074305585,-0.005902245501875,0.0125973843891708,0.0139115274291836,0.0043490800259375,0.0080820347612747,0.0091778964340671
9411,18,STANDING,5,6,LAYING,0.49666666666666665,0.0,0.0,0.0,0.15666666666666668,0.3466666666666667,0.49666666666666665,STANDING,0.3466666666666667,STANDING,0.0010703799041406,0.0030534652052911,0.0032356394884337,0.0014392565813281,0.0042238214782358,0.0044623006831569,0.0032336097205468,0.0052909597697902,0.0062008456770309,0.0001533050861562,0.0075379093211516,0.0075394681101087,-7.142626085937504e-05,0.0069353922875888,0.0069357600804444,0.0019959251259375,0.0045160241098755,0.0049374275558559
9417,18,STANDING,5,4,SITTING,0.5433333333333333,0.0,0.0,0.0,0.5433333333333333,0.41333333333333333,0.043333333333333335,STANDING,0.41333333333333333,STANDING,0.0003378135942726,0.0028245859395603,0.0028447150568092,-0.0010456918734375,0.0037927023268335,0.0039342168768564,-0.000866651034375,0.007677890701083,0.00772664802053,-0.0013493505263984,0.0074286891053017,0.0075502429541254,-0.0028931377178125,0.0095390829650872,0.0099681668158717,0.001355679001875,0.0052763351452571,0.0054477131092964
9418,18,STANDING,5,4,SITTING,0.59,0.0,0.0,0.0,0.59,0.38666666666666666,0.023333333333333334,STANDING,0.38666666666666666,STANDING,-0.0001708320501562,0.0028334302632657,0.0028385754607109,-0.0001881424871874,0.0048678013652022,0.0048714358998707,-0.0030485238014843,0.0073188110624449,0.007928334802213,-0.0015420782110859,0.0068814832762421,0.0070521498346466,0.0015376168242187,0.010045218610359,0.0101622183812405,-0.0009145848191406,0.0062784052306274,0.0063446700175322
9426,18,SITTING,4,5,STANDING,0.6366666666666667,0.0,0.0,0.0,0.3,0.6366666666666667,0.06333333333333334,SITTING,0.3,SITTING,0.000713203059375,0.0022601754457065,0.0023700319933022,-0.0005311514257436,0.0034213706783823,0.0034623545682041,-0.0001524250246875,0.0049163720574622,0.0049187343489506,0.0026961539896484,0.0063153554853776,0.0068668013836565,0.0004575244609374,0.0078927529322637,0.0079060026234573,-0.0031172744924218,0.0042868559976155,0.0053004277756985
9427,18,SITTING,4,5,STANDING,0.58,0.0,0.0,0.0,0.27,0.58,0.15,SITTING,0.27,SITTING,0.000508793748125,0.0020265292058322,0.0020894237722928,0.0001796255835532,0.0028367808382155,0.0028424621148458,-0.0023655738175781,0.0054169896954471,0.0059109827310686,0.0008909521485937,0.006950458348034,0.0070073295183571,-5.210201718750017e-05,0.0093043727331055,0.009304518610694,-0.0019179549486718,0.0035168312624643,0.0040058274193705
9428,18,SITTING,4,5,STANDING,0.53,0.0,0.0,0.0,0.37666666666666665,0.53,0.09333333333333334,SITTING,0.37666666666666665,SITTING,0.000143778271164,0.0024063388221054,0.0024106303569877,-4.420548874999997e-05,0.0029577353446252,0.0029580656676418,-0.0014696600796093,0.0058720842971715,0.0060532036759625,-0.0003391328332812,0.0061582110991426,0.0061675420566229,0.004313335928125,0.0078806191744272,0.0089838202008501,-0.0029362226071093,0.0035842446751529,0.0046333803092194
9429,18,SITTING,4,6,LAYING,0.4633333333333333,0.0,0.0,0.0,0.2633333333333333,0.2733333333333333,0.4633333333333333,SITTING,0.2733333333333333,STANDING,-0.0005258551216406,0.0028614651348359,0.0029093824648603,-5.4698516171875015e-05,0.0027152495849272,0.0027158004779657,0.0004859808189062,0.0054722550291878,0.005493792174884,-0.0004927325435937,0.0072449826712695,0.0072617187542972,0.0009327593060156,0.0082469507649136,0.0082995323266958,-0.0010580084567968,0.0044322959543841,0.0045568222833356
9430,18,SITTING,4,6,LAYING,0.5966666666666667,0.0,0.0,0.0,0.2,0.20333333333333334,0.5966666666666667,SITTING,0.20333333333333334,STANDING,0.0003934497025859,0.0031540331041496,0.003178478801335,-0.0001004140135937,0.0026997763306573,0.0027016430574196,-0.0024909250865625,0.0054660579994303,0.0060068708859108,-0.0001243234656249,0.0065864708971689,0.0065876441315054,-0.0025099881072656,0.0075800842863223,0.007984843022024,0.0008584682112499,0.0040110056508203,0.0041018451946215
9436,18,SITTING,4,5,STANDING,0.45666666666666667,0.0,0.0,0.0,0.42333333333333334,0.45666666666666667,0.12,SITTING,0.42333333333333334,SITTING,-0.0003472707565546,0.0039697562063681,0.0039849167264017,0.0031747659290625,0.0053928591265458,0.0062579603916215,-0.0006657665117187,0.0066612844739919,0.0066944720397931,-0.0210574753976562,0.0246188603772347,0.0323960731632195,0.0190284388273437,0.0143017367450553,0.0238038055388382,-0.016165285578789,0.0243905425091708,0.029261152091732
9481,18,WALKING,1,2,WALKING_UPSTAIRS,0.78,0.14333333333333334,0.78,0.05,0.006666666666666667,0.0033333333333333335,0.016666666666666666,WALKING,0.14333333333333334,WALKING,-0.0070585235914062,0.1808457326748569,0.180983429578501,-0.0146131750140625,0.1244551946350678,0.1253101765845226,0.0043641029382812,0.118635588443634,0.1187158297777647,-0.260827832609375,0.2059062396923523,0.3323078960962989,0.14029566109375,0.3822702562744263,0.4072019417363428,0.083446138578125,0.2510961627303564,0.2645988302723753
9482,18,WALKING,1,2,WALKING_UPSTAIRS,0.5866666666666667,0.20333333333333334,0.5866666666666667,0.14,0.023333333333333334,0.02,0.02666666666666667,WALKING,0.20333333333333334,WALKING,-0.0095010353648437,0.2047342520158162,0.2049545891691126,0.006868331828125,0.1110875189042381,0.1112996443767935,0.0178331697375,0.1292066672019463,0.1304315329677643,-0.1152805699140624,0.2096944308273841,0.2392934686106823,0.0506877771796874,0.4223204785997261,0.4253514281157633,0.05129359090625,0.2697695522973508,0.2746027017616011
9495,18,WALKING,1,2,WALKING_UPSTAIRS,0.79,0.14,0.79,0.05,0.006666666666666667,0.0,0.013333333333333334,WALKING,0.14,WALKING,-0.0154378185859375,0.1929839369267735,0.1936004291174201,-0.0149445257734375,0.1154512733958587,0.1164144981491492,0.0070831932578125,0.1250290696767428,0.1252295487932434,-0.2961973982968749,0.2141555426596555,0.3655071753190204,0.1668082647734375,0.3871751936656616,0.4215799186237027,0.086715588953125,0.2609559335533681,0.2749865317141863
9496,18,WALKING,1,2,WALKING_UPSTAIRS,0.6933333333333334,0.15,0.6933333333333334,0.12333333333333334,0.01,0.006666666666666667,0.016666666666666666,WALKING,0.15,WALKING,-0.0103025222601562,0.2062376655979019,0.2064948345024471,0.008710767921875,0.10975315212149,0.1100982828130925,0.0226433027890624,0.1322782471566616,0.1342022869851182,-0.142410568646875,0.2274087460405829,0.2683197865198849,0.0552996637734375,0.3999536470873381,0.403758557348223,0.057612069790625,0.2566562859809749,0.2630429617364963
9508,18,WALKING_DOWNSTAIRS,3,1,WALKING,0.85,0.85,0.12666666666666668,0.023333333333333334,0.0,0.0,0.0,WALKING_DOWNSTAIRS,0.12666666666666668,WALKING_UPSTAIRS,0.0119531357890625,0.2254405767104985,0.2257572392698713,-0.0070034974765625,0.1253613627488092,0.1255568407023,0.0175996167703125,0.1400637787429774,0.1411651820606753,0.031440063140625,0.2996265260793029,0.3012715265348482,-0.0223820599140625,0.2714540637510327,0.2723752289268362,0.019653971984375,0.2546885697082613,0.2554457792855511
9509,18,WALKING_DOWNSTAIRS,3,2,WALKING_UPSTAIRS,0.49,0.47333333333333333,0.49,0.03666666666666667,0.0,0.0,0.0,WALKING_DOWNSTAIRS,0.47333333333333333,WALKING,-0.0013617886718749,0.2434996515681645,0.2435034594871382,0.0080447987789062,0.1415886606407481,0.1418170215786314,-0.0095895804539062,0.1215516546119343,0.1219293434419333,-0.054572760234375,0.3360865878503044,0.3404884442862326,0.02444810625,0.247278028887606,0.2484836684165601,0.0372798310234375,0.2621188923328847,0.2647566798382139
9510,18,WALKING_DOWNSTAIRS,3,2,WALKING_UPSTAIRS,0.66,0.21,0.66,0.13,0.0,0.0,0.0,WALKING_DOWNSTAIRS,0.21,WALKING,-0.0106503663085937,0.2273755673781804,0.2276248645096943,-0.0126702002835937,0.1437094701503696,0.144266925475406,-0.0126454032851562,0.1249626531511772,0.1256008395944297,-0.462252267421875,0.4444440584785046,0.6412547698485439,0.1506366319140625,0.2869181201094201,0.3240577148002133,0.1260756195085937,0.2303760434293267,0.2626179415436552
9512,18,WALKING_DOWNSTAIRS,3,1,WALKING,0.61,0.61,0.34,0.05,0.0,0.0,0.0,WALKING_DOWNSTAIRS,0.34,WALKING_UPSTAIRS,0.021438892475,0.2409629494933362,0.2419147972718549,0.02441727890625,0.1535575771418981,0.1554867615164571,0.0252587153125,0.114328264029506,0.117085245249939,0.0452625742757812,0.4569331065014227,0.4591694289117157,0.013867115203125,0.3141760923181723,0.3144819770167656,-0.0357563139296875,0.3070326975221099,0.3091077341859012
9514,18,WALKING_DOWNSTAIRS,3,2,WALKING_UPSTAIRS,0.6366666666666667,0.09,0.6366666666666667,0.2733333333333333,0.0,0.0,0.0,WALKING_DOWNSTAIRS,0.2733333333333333,WALKING_DOWNSTAIRS,0.0047960958984375,0.2494395814810758,0.2494856856521457,-0.0220080494664062,0.1336941166433687,0.1354934355102359,-0.0088286805890624,0.1252385895074397,0.1255493922835021,0.20344579671875,0.7325845072397588,0.7603093136679617,-0.0847573155078124,0.3347999962146001,0.3453618971418056,-0.0756570811171875,0.2671719756787546,0.2776776161509273
9515,18,WALKING_DOWNSTAIRS,3,2,WALKING_UPSTAIRS,0.5266666666666666,0.08666666666666667,0.5266666666666666,0.37666666666666665,0.0,0.0033333333333333335,0.006666666666666667,WALKING_DOWNSTAIRS,0.37666666666666665,WALKING_DOWNSTAIRS,0.0254973832265624,0.2644288242885045,0.2656552647059775,-0.0142674883335937,0.1400557275007949,0.1407805669441849,0.0037651519734374,0.1181276552378858,0.1181876444531487,0.4271498182132812,0.2931109727283,0.5180453740102015,-0.1320243353203125,0.3061648964050876,0.3334177093489611,-0.0827662330703125,0.2394958840789326,0.2533940169526479
9517,18,WALKING_DOWNSTAIRS,3,2,WALKING_UPSTAIRS,0.6233333333333333,0.14333333333333334,0.6233333333333333,0.23333333333333334,0.0,0.0,0.0,WALKING_DOWNSTAIRS,0.23333333333333334,WALKING_DOWNSTAIRS,0.0177281175804687,0.2072130725393478,0.2079700545370509,0.0103902562109374,0.1203879911489142,0.1208355321790738,0.0364548768828125,0.0994128773079449,0.1058861569006332,-0.313419503609375,0.3245081002450813,0.4511510748822602,0.1366062252179687,0.2775634337026032,0.3093585629929803,0.093827917390625,0.2116409478078579,0.2315071680766502
9518,18,WALKING_DOWNSTAIRS,3,2,WALKING_UPSTAIRS,0.56,0.26666666666666666,0.56,0.15,0.0033333333333333335,0.0,0.02,WALKING_DOWNSTAIRS,0.26666666666666666,WALKING,0.002240944460625,0.1984186269239879,0.1984312811591869,0.0054645848789062,0.118465425920882,0.1185913944032819,0.0237506934374999,0.1067627411775002,0.1093726581120528,-0.1321398128687499,0.274855312147333,0.3049694620131598,0.033719646096875,0.2869207783753388,0.2888953921342616,0.0641606745859375,0.2165209652240148,0.225827191774732
9519,18,WALKING_DOWNSTAIRS,3,1,WALKING,0.4,0.4,0.30666666666666664,0.29333333333333333,0.0,0.0,0.0,WALKING_DOWNSTAIRS,0.30666666666666664,WALKING_UPSTAIRS,0.00515354003875,0.1929861646445161,0.193054962948719,-0.0026062653195312,0.132343907705013,0.1323695679737181,-0.0128958065359375,0.1117495034705039,0.1124911256593892,-0.4731738455875,0.5744774122552831,0.7442565319428441,0.122682953828125,0.3121852236951986,0.3354261782473381,0.1461314181796875,0.267908751497281,0.3051712478396983
9521,18,WALKING_DOWNSTAIRS,3,1,WALKING,0.7533333333333333,0.7533333333333333,0.18333333333333332,0.06,0.0033333333333333335,0.0,0.0,WALKING_DOWNSTAIRS,0.18333333333333332,WALKING_UPSTAIRS,-0.009404531775,0.1857110238078378,0.1859489972590932,-0.0007160275515625,0.1190621416577525,0.1190642946965434,0.0050873463671875,0.1209017921829734,0.1210087783845231,0.0669747139062499,0.5100688781116102,0.5144471525053479,-0.0153062653046875,0.2776185806260174,0.2780402094416957,-0.0212947526953124,0.2631569176662152,0.2640171013550783
9522,18,WALKING_DOWNSTAIRS,3,2,WALKING_UPSTAIRS,0.5333333333333333,0.39,0.5333333333333333,0.07333333333333333,0.0033333333333333335,0.0,0.0,WALKING_DOWNSTAIRS,0.39,WALKING,0.0001975706335937,0.165212889826479,0.1652130079593358,-0.0034019003015625,0.1330555485866578,0.1330990305575448,-0.0086064273117187,0.1291650702096125,0.1294514810781477,-0.1176899537499999,0.4074575582922735,0.4241138844970518,0.051681739953125,0.2839840611052027,0.2886484872754159,0.0291621263515625,0.2452352407691654,0.246963059845911
9523,18,WALKING_DOWNSTAIRS,3,2,WALKING_UPSTAIRS,0.7166666666666667,0.25,0.7166666666666667,0.02,0.0033333333333333335,0.006666666666666667,0.0033333333333333335,WALKING_DOWNSTAIRS,0.25,WALKING,-0.0006182482859375,0.1880281090325715,0.1880291254495103,8.059950937499985e-05,0.1223162038707236,0.1223162304259959,0.0111836521179687,0.1344814351264778,0.1349456574639317,0.1208138871875,0.5122053715357971,0.5262607129241912,-0.0336815670390625,0.289778888675293,0.2917297589895394,-0.0744968843515625,0.203377578566988,0.2165923018988935
9524,18,WALKING_DOWNSTAIRS,3,2,WALKING_UPSTAIRS,0.54,0.14333333333333334,0.54,0.2866666666666667,0.0033333333333333335,0.0,0.02666666666666667,WALKING_DOWNSTAIRS,0.2866666666666667,WALKING_DOWNSTAIRS,-0.0066067489210937,0.2338562782109873,0.2339495842911482,0.0216414172425312,0.1154367329413566,0.1174478192749419,0.0353947491718749,0.127737227456221,0.1325503208111632,0.4335325461640625,0.2415223701129188,0.4962696080241633,-0.1631428741867187,0.2470666330197975,0.2960701243787405,-0.1208156339921875,0.2285966875901063,0.2585592059743819
9525,18,WALKING_DOWNSTAIRS,3,2,WALKING_UPSTAIRS,0.49666666666666665,0.15333333333333332,0.49666666666666665,0.33,0.0033333333333333335,0.0033333333333333335,0.013333333333333334,WALKING_DOWNSTAIRS,0.33,WALKING_DOWNSTAIRS,-0.0115472043828124,0.2434152751671367,0.2436890110648228,-0.0006793801262187,0.1097340619150436,0.1097361649673002,0.0008592015312499,0.1223990445839224,0.122402060204591,0.2419559269140625,0.264513829409819,0.3584832444032635,-0.0897949963507812,0.2598475594473006,0.2749252544244621,-0.054522693265625,0.2363015304992231,0.2425100768982862
9530,18,WALKING_UPSTAIRS,2,1,WALKING,0.87,0.87,0.12333333333333334,0.006666666666666667,0.0,0.0,0.0,WALKING_UPSTAIRS,0.12333333333333334,WALKING_UPSTAIRS,-0.0103334733148437,0.1947721054641345,0.1950460297921507,-0.00709942915625,0.1440353632264241,0.1442102206992019,0.0043601390872656,0.1287059070132173,0.1287797395282163,-0.019215346178125,0.4000522914714667,0.4005135021947656,0.0187494218179687,0.3252003864833787,0.3257404368319153,0.0362829838984375,0.2959870421815868,0.2982025889558619
9532,18,WALKING_UPSTAIRS,2,1,WALKING,0.8966666666666666,0.8966666666666666,0.08666666666666667,0.016666666666666666,0.0,0.0,0.0,WALKING_UPSTAIRS,0.08666666666666667,WALKING_UPSTAIRS,-0.0012136661351562,0.1887546681037246,0.1887585699152091,-0.0120018216234375,0.1334347675326672,0.1339734335932977,-0.0006779023914062,0.1391273072070018,0.1391289587480756,0.04163632515625,0.5151461964147293,0.5168260706012031,-0.0018566078671875,0.3570856990197191,0.3570905255494381,0.0109512595234375,0.3203243572851673,0.320511503623981
9540,18,WALKING_UPSTAIRS,2,1,WALKING,0.7066666666666667,0.7066666666666667,0.27666666666666667,0.013333333333333334,0.0,0.0,0.0033333333333333335,WALKING_UPSTAIRS,0.27666666666666667,WALKING_UPSTAIRS,-0.02582829725,0.1930829249189209,0.1948027639282359,-0.0013967579218749,0.1519220574366428,0.15192847813519,0.0098231066281249,0.1147199871826713,0.1151397797592986,0.0269304915148437,0.4956899916137749,0.4964210099898023,-0.0076126551101562,0.3538907984663827,0.3539726680931737,-0.0361617391640625,0.4274756890329382,0.4290024896123041
9550,18,WALKING_UPSTAIRS,2,1,WALKING,0.9566666666666667,0.9566666666666667,0.043333333333333335,0.0,0.0,0.0,0.0,WALKING_UPSTAIRS,0.043333333333333335,WALKING_UPSTAIRS,0.0057204335859375,0.2159743945334057,0.216050138751361,-0.0062758574742187,0.1508809200938587,0.151011385118494,0.0018155824164062,0.1260975017370937,0.1261105716577604,-0.0168948123125,0.4087781460146407,0.4091271285825978,-0.0166368241640625,0.3664996445532149,0.3668770548506663,0.0303626640515624,0.3664180071955552,0.3676738328538896
9555,18,WALKING_DOWNSTAIRS,3,2,WALKING_UPSTAIRS,0.8633333333333333,0.06666666666666667,0.8633333333333333,0.07,0.0,0.0,0.0,WALKING_DOWNSTAIRS,0.07,WALKING_DOWNSTAIRS,0.0181711796171874,0.2174297101121776,0.2181876958220735,0.03606009415625,0.1209788774038082,0.1262387387787254,0.0105537493515624,0.1220144645869833,0.1224700420258922,-0.2464411648046875,0.2668652295738054,0.3632496365666055,0.08997932309375,0.3336301208606644,0.345550772144863,0.1004730076875,0.215411465641106,0.2376908176674518
9556,18,WALKING_DOWNSTAIRS,3,2,WALKING_UPSTAIRS,0.5933333333333334,0.26666666666666666,0.5933333333333334,0.1,0.0033333333333333335,0.006666666666666667,0.03,WALKING_DOWNSTAIRS,0.26666666666666666,WALKING,0.0067699203203124,0.2279646266704831,0.2280651284921833,-0.0057060744,0.1187839837637879,0.1189209572945583,-0.0107860442812499,0.1211294748912018,0.1216087514887616,-0.1129798167384375,0.2263938201136089,0.2530189731539594,0.0113524730234374,0.2558604429478908,0.2561121725128245,0.0709866280929687,0.238511487156995,0.2488510214442586
9557,18,WALKING_DOWNSTAIRS,3,2,WALKING_UPSTAIRS,0.53,0.24,0.53,0.23,0.0,0.0,0.0,WALKING_DOWNSTAIRS,0.24,WALKING,0.0008182463906249,0.2165431015148751,0.216544647453677,-0.014276055525,0.1381555884891682,0.1388912250365057,-0.01595762621875,0.116318836630534,0.117408336968114,-0.43207139824625,0.5247226357105039,0.6797201906736682,0.1331407092546875,0.3252176793703029,0.3514156903666174,0.1115759408820312,0.2254454835695177,0.2515449396143843
9559,18,WALKING_DOWNSTAIRS,3,2,WALKING_UPSTAIRS,0.61,0.12666666666666668,0.61,0.2633333333333333,0.0,0.0,0.0,WALKING_DOWNSTAIRS,0.2633333333333333,WALKING_DOWNSTAIRS,0.0068333003898437,0.2601763222804431,0.2602660420984551,-0.0025265276320312,0.1382570805154109,0.1382801636335459,0.0147698063044531,0.1281825299420012,0.1290306481445516,0.1133733077499999,0.4626450413194107,0.4763338547359567,-0.0310316636171874,0.2953186955443205,0.2969446010367074,-0.0285900813671875,0.236617792956479,0.2383387771559163
9563,18,WALKING_DOWNSTAIRS,3,2,WALKING_UPSTAIRS,0.5166666666666667,0.11666666666666667,0.5166666666666667,0.3433333333333333,0.0,0.0033333333333333335,0.02,WALKING_DOWNSTAIRS,0.3433333333333333,WALKING_DOWNSTAIRS,-0.0125233114453124,0.2495623715662887,0.2498763907041772,0.0003760133828125,0.1168614688321067,0.1168620737607437,-0.0027120988906249,0.12450494413886,0.1245344795444746,0.286477824890625,0.2610915955644133,0.3876059409096238,-0.118237120171875,0.2417159144120171,0.2690847447674728,-0.03482625303125,0.2027377631875837,0.2057072398397816
9615,20,SITTING,4,6,LAYING,0.5266666666666666,0.0,0.0,0.0,0.4633333333333333,0.01,0.5266666666666666,SITTING,0.4633333333333333,SITTING,-0.0016333661340726,0.0029147120390317,0.0033411721294198,0.00163096774275,0.0022221823350641,0.0027564742168506,0.0012969884630468,0.0042298153122529,0.0044241967235924,0.0004099594687499,0.003020616859666,0.0030483098561196,0.0025456251798437,0.0084804861139955,0.0088543126376882,-0.0017890791933593,0.0055851569667519,0.0058647065317344
9621,20,SITTING,4,5,STANDING,0.59,0.0,0.0,0.0,0.33,0.59,0.08,SITTING,0.33,SITTING,-0.0005466228719531,0.0023392094734339,0.0024022276171806,0.0005182780157031,0.0036112072409536,0.0036482091275963,-4.19613128125e-05,0.0049888419241519,0.0049890183900191,-0.00153689868125,0.0063114315200735,0.0064958621744158,-9.461487031249988e-06,0.0066907750239879,0.0066907817137728,-0.002077490549125,0.0078754679684801,0.008144873400137
9625,20,SITTING,4,6,LAYING,0.43,0.0,0.0,0.0,0.35,0.22,0.43,SITTING,0.35,SITTING,-0.0014300214587499,0.0068274022432853,0.0069755560899546,-0.0018596547647656,0.0065049889310478,0.0067655891714743,0.0036143843160156,0.0069334238981445,0.0078189603487433,-0.0218804179498437,0.0207881700032396,0.03018113155174,0.0224035252041406,0.0218146689837458,0.0312697573454442,-0.0305010951382812,0.0392874454388079,0.0497375127418108
9629,20,SITTING,4,5,STANDING,0.55,0.0,0.0,0.0,0.26,0.55,0.19,SITTING,0.26,SITTING,0.0052996156390625,0.0174601257461582,0.0182466960569154,-0.0081768895054687,0.0437905116870685,0.0445473953873841,-0.0256396141476562,0.0229659461311779,0.0344212796877289,0.0058904223140624,0.060762059035388,0.0610469073193555,-0.0159995895211718,0.0637680028831341,0.0657445439298912,0.012951689390625,0.080080887876301,0.081121482118659
9630,20,SITTING,4,5,STANDING,0.4866666666666667,0.0,0.0,0.0,0.4666666666666667,0.4866666666666667,0.04666666666666667,SITTING,0.4666666666666667,SITTING,-0.0002194588442187,0.0165268630661184,0.0165283200897894,-0.0008769227921875,0.0390510126072257,0.0390608573796475,-0.0038199549882812,0.0245105882057598,0.024806470734565,0.0010565651015624,0.0554255444040686,0.0554356140247515,0.0063683087686718,0.0605790844107951,0.060912895388607,0.0030161774078125,0.0630948248467884,0.0631668761979117
9648,20,LAYING,6,4,SITTING,0.53,0.0,0.0,0.0,0.53,0.01,0.46,LAYING,0.46,LAYING,0.0001955415796874,0.0032521470509084,0.0032580204035762,-0.0001585093582812,0.0029416790236405,0.0029459464853913,0.0004611497336562,0.0047742526186389,0.004796472364502,-0.0003908551270312,0.0041610848038228,0.0041794012100936,0.00119986262625,0.0075572002899786,0.0076518590254084,-0.0010498159092187,0.0063952376162011,0.0064808315524261
9674,20,WALKING,1,2,WALKING_UPSTAIRS,0.5466666666666666,0.43666666666666665,0.5466666666666666,0.016666666666666666,0.0,0.0,0.0,WALKING,0.43666666666666665,WALKING,0.0035039824617187,0.2133081199938944,0.2133368977660023,-0.0107603883179687,0.2023442759446092,0.2026301852249601,-0.0026645494609375,0.1584955150435302,0.1585179110155811,-0.038731621953125,0.5502793294985281,0.5516407155137023,-0.012498085515625,0.6286092660068692,0.628733497955414,-0.0504511990867187,0.4674728417738739,0.4701873895431789
9678,20,WALKING,1,2,WALKING_UPSTAIRS,0.5166666666666667,0.45666666666666667,0.5166666666666667,0.02666666666666667,0.0,0.0,0.0,WALKING,0.45666666666666667,WALKING,0.0147680011171875,0.2162940771624727,0.2167976514461421,-0.0015495657265624,0.2356282872271388,0.2356333823878442,0.0029141769296875,0.161962469580259,0.1619886847274026,0.13932313971875,0.6525116733950044,0.667219919650065,-0.0498034315234375,0.6682554731426842,0.670108766676472,-0.0016116058984375,0.4258576530925606,0.4258607025437725
9683,20,WALKING,1,2,WALKING_UPSTAIRS,0.49666666666666665,0.47333333333333333,0.49666666666666665,0.03,0.0,0.0,0.0,WALKING,0.47333333333333333,WALKING,-0.0133318768984375,0.2159205949624241,0.21633178747138,-0.012031760875,0.2127481448791613,0.2130880954424198,-0.0173290982101562,0.1519302270359103,0.1529153083636837,0.1689326835390625,0.6337905126140859,0.6559181850256439,-0.023684908828125,0.6856503491079662,0.6860593094901289,-0.0134918799031249,0.4038273948335259,0.4040527139388533
9684,20,WALKING,1,2,WALKING_UPSTAIRS,0.49333333333333335,0.43333333333333335,0.49333333333333335,0.07333333333333333,0.0,0.0,0.0,WALKING,0.43333333333333335,WALKING,0.01321833371875,0.247203339179426,0.2475564890035375,-0.006394450984375,0.24709529598362,0.2471780214756651,-0.0111195602132812,0.1648551352817992,0.1652297196273028,0.0069215267265625,0.6885452249444005,0.688580013016615,-0.01702836640625,0.781027869300582,0.7812134777937927,-0.0681393855203125,0.473034900607388,0.477917349603179
9688,20,WALKING,1,2,WALKING_UPSTAIRS,0.5766666666666667,0.38,0.5766666666666667,0.043333333333333335,0.0,0.0,0.0,WALKING,0.38,WALKING,-0.0144764187515624,0.2559881637127298,0.2563971658596989,0.011063495375,0.2168981237874266,0.2171801027544155,0.0016702959296874,0.1582527379731229,0.1582615523887044,0.2093889556484375,0.7420379513822627,0.7710149518907715,-0.0435757723179687,0.8050952943744548,0.8062737010203157,-0.0080024017499999,0.4365500018150154,0.4366233417013552
9689,20,WALKING,1,2,WALKING_UPSTAIRS,0.5066666666666667,0.39,0.5066666666666667,0.10333333333333333,0.0,0.0,0.0,WALKING,0.39,WALKING,0.0226616993031249,0.2716073488400274,0.2725511044909076,-0.0089342837421875,0.2315709902824493,0.2317432738320148,-0.0077476209296875,0.1633857851519861,0.1635693749447038,0.0081972188828124,0.8031758342029055,0.8032176635538749,-0.049173863140625,0.8378162065451021,0.8392580442067852,-0.036389712890625,0.4894974226668265,0.4908481822332928
9694,20,WALKING,1,2,WALKING_UPSTAIRS,0.71,0.25333333333333335,0.71,0.03666666666666667,0.0,0.0,0.0,WALKING,0.25333333333333335,WALKING,0.00582819865625,0.2565323291689577,0.2565985265125798,-0.002696930515625,0.2377624550032577,0.2377777501016069,-0.0127282412421875,0.184748329946645,0.1851862671560549,0.123982907734375,0.7598302106829314,0.769879023273617,-0.0873909134359375,0.7403574073481342,0.7454973255259998,-0.0586669136015625,0.4530671290216005,0.4568496800386412
9702,20,WALKING_DOWNSTAIRS,3,2,WALKING_UPSTAIRS,0.42333333333333334,0.17333333333333334,0.42333333333333334,0.4033333333333333,0.0,0.0,0.0,WALKING_DOWNSTAIRS,0.4033333333333333,WALKING_DOWNSTAIRS,-0.0100005989062499,0.3566864889407639,0.3568266573160887,-0.0012876689296874,0.2551991014377675,0.2552023500399564,0.0068860678515624,0.1573016077257394,0.1574522585533746,0.4929963218125,0.7705215313596036,0.9147397463811238,-0.184273605078125,0.625909543418643,0.6524718523208667,-0.0327991157695312,0.4979546898267036,0.4990337214213802
9703,20,WALKING_DOWNSTAIRS,3,2,WALKING_UPSTAIRS,0.42333333333333334,0.21666666666666667,0.42333333333333334,0.3566666666666667,0.0,0.0,0.0033333333333333335,WALKING_DOWNSTAIRS,0.3566666666666667,WALKING_DOWNSTAIRS,0.0203152762109375,0.3300306607714424,0.3306553303619368,0.01904736296875,0.2633948068338619,0.2640826126482218,-0.0145221637875,0.1722394994153812,0.1728506245286145,0.0106329413828125,0.3896921044861844,0.3898371400230121,0.0094661448007812,0.501524522305472,0.5016138498597514,0.0050768273749999,0.5352281442513505,0.5352522214572677
9711,20,WALKING_DOWNSTAIRS,3,2,WALKING_UPSTAIRS,0.48,0.21,0.48,0.31,0.0,0.0,0.0,WALKING_DOWNSTAIRS,0.31,WALKING_DOWNSTAIRS,0.0259832447394531,0.2941383526484993,0.2952837609926479,0.00522308828125,0.2229376178851018,0.2229987939865985,0.0047592044915625,0.1518781847616903,0.1519527328938135,-0.1252655556484375,0.4627188071642711,0.4793747531268597,0.0966760573984375,0.5632624384426714,0.5714987617086237,0.0458593689609375,0.4482916157501339,0.4506311734371704
9712,20,WALKING_DOWNSTAIRS,3,1,WALKING,0.37333333333333335,0.37333333333333335,0.36666666666666664,0.26,0.0,0.0,0.0,WALKING_DOWNSTAIRS,0.36666666666666664,WALKING_UPSTAIRS,-0.0191083007136718,0.2757928622542091,0.2764540287760937,-0.0128008531953125,0.2249001209231821,0.2252641254922538,-0.0028921939945312,0.1412321146944811,0.1412617252024662,-0.4176021871953125,0.7310026293532788,0.8418767313993872,0.1517953291015625,0.5239754030407676,0.5455199766541887,0.087351437578125,0.4781984503027688,0.4861111308321738
9713,20,WALKING_DOWNSTAIRS,3,1,WALKING,0.44333333333333336,0.44333333333333336,0.18666666666666668,0.37,0.0,0.0,0.0,WALKING_DOWNSTAIRS,0.37,WALKING_DOWNSTAIRS,-0.0045274792734375,0.2984215745798935,0.2984559167503877,-0.005911598125,0.2484308634371461,0.2485011889317985,0.0005114627945312,0.1481578375562,0.148158720376222,-0.2484045609375,0.8797569915596034,0.914153810959926,0.0650753303125,0.5711904214929161,0.5748854635669057,0.01739623584375,0.5451158216780662,0.5453933333524389
9714,20,WALKING_DOWNSTAIRS,3,1,WALKING,0.52,0.52,0.27,0.21,0.0,0.0,0.0,WALKING_DOWNSTAIRS,0.27,WALKING_UPSTAIRS,0.0297825955390625,0.3115279695787012,0.3129483644738722,0.019041583640625,0.2551039290389651,0.2558135972122284,0.0073479496196093,0.1467598462334348,0.1469436791089489,-0.0087897268515624,0.6610002526391658,0.6610586912575661,0.0037366036015625,0.5983695313957897,0.5983811981582411,-0.0042221310390625,0.5094308159355224,0.5094483120153046
9715,20,WALKING_DOWNSTAIRS,3,1,WALKING,0.5533333333333333,0.5533333333333333,0.19333333333333333,0.25,0.0,0.0,0.0033333333333333335,WALKING_DOWNSTAIRS,0.25,WALKING_DOWNSTAIRS,0.0081762049999999,0.3205568605032811,0.3206611157342313,-0.0162461676406249,0.2589884815566349,0.2594975366781325,-0.0052027515053906,0.15750505527175,0.157590961223618,-0.10677160028125,0.6791253753189829,0.6874674174306505,0.046154984453125,0.5926849863250354,0.5944794156276361,0.0061576823359375,0.5068801350997013,0.5069175361046823
9716,20,WALKING_DOWNSTAIRS,3,2,WALKING_UPSTAIRS,0.6166666666666667,0.23333333333333334,0.6166666666666667,0.15,0.0,0.0,0.0,WALKING_DOWNSTAIRS,0.23333333333333334,WALKING,-0.00558623696875,0.3315948929137749,0.3316419440450331,-0.003877449671875,0.2531582085279688,0.2531879008978281,0.0076194404085937,0.164963835282707,0.1651397069856919,0.3434002667265625,0.6696713910580716,0.7525845568369889,-0.1724084267890624,0.6169700228796604,0.6406064897891749,-0.0519437428671874,0.5383597514925221,0.5408598473265903
9717,20,WALKING_DOWNSTAIRS,3,2,WALKING_UPSTAIRS,0.6966666666666667,0.18666666666666668,0.6966666666666667,0.11666666666666667,0.0,0.0,0.0,WALKING_DOWNSTAIRS,0.18666666666666668,WALKING,-0.0141093309859374,0.3182598641312356,0.3185724632445549,0.0253268227109375,0.2364245235529107,0.2377772135547309,0.0046943905414062,0.1412175207157352,0.1412955252640873,0.452867638296875,0.5396570563266784,0.7044989966350306,-0.1806676432187499,0.5939357218299057,0.6208062813566151,-0.0083429820992187,0.5129370370119634,0.5130048823246423
9723,20,WALKING_UPSTAIRS,2,1,WALKING,0.4,0.4,0.39666666666666667,0.20333333333333334,0.0,0.0,0.0,WALKING_UPSTAIRS,0.39666666666666667,WALKING_UPSTAIRS,-0.013929484365625,0.3287808033207572,0.3290757468531138,-0.0242495475234375,0.2249481734440827,0.2262514558868529,-0.0203694851015625,0.1533148112072061,0.1546620420749837,0.056048509375,0.5752089957762005,0.5779332350929687,-0.0489440488359375,0.631468948831915,0.6333628922310954,3.568844921875147e-05,0.6511533027257552,0.6511533037037626
9747,20,STANDING,5,6,LAYING,0.44,0.016666666666666666,0.0,0.0,0.23666666666666666,0.30666666666666664,0.44,STANDING,0.30666666666666664,STANDING,-0.0182633391367187,0.0373456237822166,0.0415721682391677,-0.0400867602265625,0.0577773250709369,0.0703218859091153,0.0185232006617265,0.0374833551963291,0.0418104159214993,-0.0546480125125,0.1317214315720354,0.1426076463831893,0.0582799132476562,0.1063878534816801,0.1213050850401325,0.0013566617543749,0.1622573466813813,0.1622630182241097
9764,20,STANDING,5,4,SITTING,0.43333333333333335,0.04,0.023333333333333334,0.013333333333333334,0.43333333333333335,0.3433333333333333,0.14666666666666667,STANDING,0.3433333333333333,STANDING,0.0214110502484375,0.0543301848329223,0.0583969353367162,0.0354742310429687,0.0724697971553867,0.0806863840299763,0.058606043671875,0.047988144293033,0.0757464873611884,0.0280623693039062,0.1964443414131845,0.1984385946438056,0.0492597154085937,0.3094227095138886,0.3133192185695795,-0.1452009735476562,0.2082527794408489,0.2538750536465252
9782,20,SITTING,4,5,STANDING,0.57,0.0,0.0,0.0,0.3566666666666667,0.57,0.07333333333333333,SITTING,0.3566666666666667,SITTING,-0.0011337275957031,0.0047180294150285,0.0048523334409676,0.0008997325522656,0.006087723480387,0.0061538521138602,0.0187088062783593,0.0165758467309649,0.0249955621503022,0.013502556571875,0.044874341657306,0.0468617709135422,0.014075508459375,0.0634994931021147,0.065040799215688,0.0115368785984374,0.0189136007315965,0.0221545449158707
9785,20,SITTING,4,5,STANDING,0.5333333333333333,0.0,0.0,0.0,0.41,0.5333333333333333,0.056666666666666664,SITTING,0.41,SITTING,0.0003775385889843,0.0017212917931132,0.0017622090747727,4.794438209374991e-05,0.0032864411800683,0.0032867908807563,-0.0020980799257031,0.006101068070752,0.0064517417011678,-0.0018811150414843,0.0062686576208294,0.0065448194907485,-0.0050719157432812,0.0103294280261445,0.0115074503107441,-0.0054382626546875,0.0065216540340936,0.0084915647581455
9786,20,SITTING,4,5,STANDING,0.61,0.0,0.0,0.0,0.3566666666666667,0.61,0.03333333333333333,SITTING,0.3566666666666667,SITTING,0.0001075054189062,0.0015403955021866,0.001544142389241,0.0008314941352968,0.0034017961056353,0.0035019422098813,0.0010465481992187,0.0060252192222109,0.0061154337384186,-0.0015316845359374,0.0067088524777337,0.0068814794256485,-0.0020102476352343,0.0099381671669659,0.0101394409211516,-0.0030710287453125,0.0070071828391052,0.0076506097074146
9787,20,SITTING,4,5,STANDING,0.5533333333333333,0.0,0.0,0.0,0.38333333333333336,0.5533333333333333,0.06333333333333334,SITTING,0.38333333333333336,SITTING,-6.242152500000005e-05,0.0019095156166627,0.0019105356152299,0.00030292135375,0.0028157466569896,0.0028319941000831,0.0024775354163281,0.0062248696042571,0.0066997897973865,-0.0024300156179687,0.0066063630542486,0.0070391056753052,0.0026232783553906,0.0120086925914548,0.0122918789078774,-0.0004073119428125,0.003811012162337,0.0038327166240459
9788,20,SITTING,4,5,STANDING,0.5933333333333334,0.0,0.0,0.0,0.35333333333333333,0.5933333333333334,0.05333333333333334,SITTING,0.35333333333333333,SITTING,4.017144554687498e-05,0.0020190784523837,0.002019478036998,-0.0009418077344531,0.0028472675978392,0.0029989889266852,0.0019290497453124,0.0066458232265841,0.0069201300044793,0.0007692043734375,0.0088648779736076,0.0088981872791636,0.0037324833960937,0.0135810075904967,0.0140845731023431,0.0010696908587656,0.003961149493254,0.0041030408042369
9789,20,SITTING,4,5,STANDING,0.7033333333333334,0.0,0.0,0.0,0.28,0.7033333333333334,0.016666666666666666,SITTING,0.28,SITTING,0.0002681893591406,0.0017655699836852,0.001785822751464,-0.0014022529927343,0.002759170077027,0.0030950497523616,0.0007355428765624,0.0061176909245671,0.0061617502036185,0.0009235697210937,0.00821020598589,0.0082619890680432,-0.0003271215904687,0.0103650375317859,0.0103701982416095,-0.0001652048859218,0.0046648612586449,0.0046677856866761
9790,20,SITTING,4,5,STANDING,0.9,0.0,0.0,0.0,0.07333333333333333,0.9,0.02666666666666667,SITTING,0.07333333333333333,SITTING,-0.0001504627374218,0.0016853383440977,0.0016920414798221,0.000526074405625,0.0031627036345487,0.0032061579125554,0.000857331975,0.0050073471900275,0.0050802110189276,0.0010325033042187,0.0075126183956714,0.0075832379780805,-0.0011302360408281,0.0077865709964911,0.0078681714134469,-0.001381200615625,0.0041377904247878,0.0043622270390328
9791,20,SITTING,4,5,STANDING,0.65,0.0,0.0,0.0,0.3,0.65,0.05,SITTING,0.3,SITTING,-0.0006980752510078,0.0020224699158149,0.0021395545369179,0.0017894380344531,0.0026992550861633,0.0032385284465828,0.000775440546875,0.0055848351058999,0.0056384121170618,0.000455572155,0.0079627150767262,0.0079757367923932,0.0008903991843281,0.0095704828683948,0.0096118132026008,-0.0005923489154687,0.0039721816522529,0.004016105615662
9794,20,SITTING,4,5,STANDING,0.6233333333333333,0.0,0.0,0.0,0.33666666666666667,0.6233333333333333,0.04,SITTING,0.33666666666666667,SITTING,0.0005275219774218,0.0035334438106373,0.0035726047359866,-0.0018743128694531,0.0074687237491187,0.0077003170826432,0.0068322401953125,0.0083453391925911,0.0107853693643677,-0.0236648859858593,0.0254579020578478,0.0347581876096941,0.0184926995234375,0.0237807421880247,0.0301248009898397,-0.0125549214580468,0.0274114969661046,0.0301498958329956
9804,20,SITTING,4,5,STANDING,0.6766666666666666,0.0,0.0,0.0,0.30333333333333334,0.6766666666666666,0.02,SITTING,0.30333333333333334,SITTING,-6.938811414062521e-06,0.0039289021810007,0.0039289083082932,-0.0066736542093749,0.0069481881545551,0.0096340531001966,0.0035549165132812,0.0090420878906013,0.0097158007821156,0.0018954888984375,0.0167284240989859,0.0168354700260977,0.0007929891421874,0.0294811805304933,0.0294918435715905,0.0057997866945312,0.0186796351842281,0.0195593020406637
9807,20,SITTING,4,5,STANDING,0.7033333333333334,0.0,0.0,0.0,0.2866666666666667,0.7033333333333334,0.01,SITTING,0.2866666666666667,SITTING,3.4614366562499976e-05,0.0025313549955816,0.0025315916471715,0.0037376170635937,0.0065017112943591,0.0074994687191336,0.00215713121625,0.0127220420329522,0.0129036261791918,0.0031944982617187,0.0140794450385546,0.014437298630208,0.0104148335203125,0.0173261004593161,0.0202154028993275,0.00255443524375,0.0118617239085973,0.0121336570537617
9816,20,LAYING,6,4,SITTING,0.49333333333333335,0.0,0.0,0.0,0.49333333333333335,0.03666666666666667,0.47,LAYING,0.47,LAYING,-0.0053258834617187,0.0038090810684894,0.0065478342399708,0.0013481209244531,0.0036171396143194,0.0038601980540417,-0.0008737895839062,0.0057070770554214,0.0057735809298442,-0.001145795303125,0.0057961864577373,0.0059083520823932,0.0039046489700468,0.0156701021581682,0.0161492533953342,-0.005175330266875,0.0094367648831037,0.0107627401171919
9817,20,LAYING,6,4,SITTING,0.5933333333333334,0.0,0.0,0.0,0.5933333333333334,0.03,0.37666666666666665,LAYING,0.37666666666666665,LAYING,-0.0024563437754687,0.0031326158117273,0.0039808173240138,0.0009407126798437,0.0028857119211075,0.0030351727525201,-0.0001956339603125,0.005945283535576,0.0059485014049606,0.0007474526972656,0.0055508020432649,0.0056009007184705,-0.0020246434846406,0.0141031086363857,0.0142476964611686,-0.0014882783904687,0.0074142106154204,0.0075621089397964
9822,20,LAYING,6,4,SITTING,0.5733333333333334,0.0,0.0,0.0,0.5733333333333334,0.14,0.2866666666666667,LAYING,0.2866666666666667,LAYING,-0.0007310962821875,0.0049999038554155,0.0050530723661182,0.00197176884375,0.0049234212667117,0.0053035789183053,-0.0033510947967968,0.0051613538348559,0.0061538126186699,0.0037861381299218,0.0081493495842697,0.0089859190173006,-0.0079947204567968,0.0182157228253895,0.0198929161571084,0.0044971685992265,0.0089076518204389,0.009978516240606
9823,20,LAYING,6,4,SITTING,0.5133333333333333,0.0,0.0,0.0,0.5133333333333333,0.043333333333333335,0.44333333333333336,LAYING,0.44333333333333336,LAYING,-0.0009604978132031,0.0042861193237535,0.0043924224417308,0.000275067815625,0.0038123469819318,0.0038222574238057,-0.0007528056658593,0.0039572833486808,0.0040282512176249,0.0013889253589843,0.0054408253178568,0.0056153088777254,-0.0048317496890624,0.014600539215725,0.0153792571487598,0.0030911009531249,0.0077899652074489,0.0083808390412699
9825,20,LAYING,6,4,SITTING,0.5133333333333333,0.0,0.0,0.0,0.5133333333333333,0.14666666666666667,0.34,LAYING,0.34,LAYING,-0.0074027210850781,0.0060804732430362,0.0095797930208715,0.0037862941359375,0.0067741531396051,0.0077604880028679,-0.0045594610476562,0.0062758136037936,0.0077572238226479,0.0024036195708593,0.0100974706100417,0.010379609807795,0.0003555159963046,0.0186764525338109,0.0186798359433727,-0.0067255070002109,0.0179536408972161,0.0191720021353034
9835,20,LAYING,6,4,SITTING,0.37,0.0,0.0,0.0,0.37,0.28,0.35,LAYING,0.35,LAYING,-0.0008758377775132,0.002879253445805,0.0030095169409224,-0.0001191053224218,0.0025357973535092,0.0025385929756251,0.0003922515276562,0.0050616972180157,0.0050768730521668,0.0007239722560937,0.0094509482095051,0.0094786369213269,-0.0001683906664062,0.0113994117595607,0.0114006554145164,0.0013992683445312,0.0065672713879039,0.0067146857992305
9839,20,LAYING,6,4,SITTING,0.44,0.0,0.0,0.0,0.44,0.13333333333333333,0.4266666666666667,LAYING,0.4266666666666667,LAYING,0.0005334936294531,0.0028344425976568,0.002884212248098,0.0003201625479687,0.0023835750624851,0.0024049811092029,-0.0016559986945937,0.0047205952912803,0.0050026344640154,-0.0009556337424218,0.0057006537147588,0.0057801979745722,-0.0020164125644531,0.0121773858117229,0.0123432023736806,0.000633128964375,0.0056688012329513,0.0057040476597098
9840,20,LAYING,6,4,SITTING,0.7166666666666667,0.0,0.0,0.0,0.7166666666666667,0.16666666666666666,0.11666666666666667,LAYING,0.16666666666666666,STANDING,0.0002572877893906,0.0025582769166767,0.0025711821773204,-0.0001579457385156,0.0027736255635677,0.0027781190800956,0.0003602479536093,0.0058717694799603,0.005882810162998,-0.0035754455946093,0.0053712499031268,0.0064524519929908,0.0031805002503906,0.0127381026926881,0.0131291599903499,0.001093690740625,0.0053524911984225,0.0054630871735054
9841,20,LAYING,6,4,SITTING,0.7566666666666667,0.0,0.0,0.0,0.7566666666666667,0.19333333333333333,0.05,LAYING,0.19333333333333333,STANDING,-0.0004950835939687,0.0024160299313503,0.0024662336455002,0.0001668092360937,0.0033828561790199,0.0033869663785133,0.0017836192782187,0.0050808274764026,0.0053848032066735,-0.0012928693296874,0.0075592228019887,0.0076689869261691,0.0013182448890625,0.0130796530879855,0.0131459155059504,-8.903743012500002e-05,0.0059764647621988,0.005977127965651
9842,20,LAYING,6,4,SITTING,0.59,0.0,0.0,0.0,0.59,0.30666666666666664,0.10333333333333333,LAYING,0.30666666666666664,STANDING,-0.0005392463289843,0.0024607652272509,0.0025191570230873,0.0003923179385234,0.0033630721970232,0.0033858777247971,0.0002265500684375,0.0046821234337264,0.0046876011756717,0.0002653682328125,0.007366972735001,0.0073717506453511,0.0004036879414062,0.0128453537986577,0.0128516955366492,-0.0007009480959843,0.0060443975432407,0.0060849050850443
9843,20,LAYING,6,4,SITTING,0.53,0.0,0.0,0.0,0.53,0.42333333333333334,0.04666666666666667,LAYING,0.42333333333333334,STANDING,-0.0007194859799218,0.0021284344721678,0.0022467517392041,-0.0001272902708515,0.0029624688908799,0.002965202310549,-0.000850459755875,0.0052304287879233,0.0052991194647695,0.0014068823039843,0.0072605745089127,0.0073956243831564,-0.0011380989339062,0.0136591552933156,0.0137064872418235,-0.0005713215242968,0.0062489182762049,0.0062749811080841
9844,20,LAYING,6,4,SITTING,0.68,0.0,0.0,0.0,0.68,0.11333333333333333,0.20666666666666667,LAYING,0.20666666666666667,LAYING,0.0001917552132031,0.002942751150385,0.0029489920981384,0.0001124086017187,0.0033990437018269,0.0034009019069461,-0.0014188645171875,0.0053656930272188,0.0055501205554905,0.0013333833926562,0.0100745157333427,0.0101623707142173,-0.0015833000667187,0.0220577704328274,0.0221145218254564,-0.0007909560300781,0.0083880416984588,0.008425251033447
9846,20,WALKING,1,3,WALKING_DOWNSTAIRS,0.56,0.17333333333333334,0.26,0.56,0.0,0.0,0.006666666666666667,WALKING,0.26,WALKING_UPSTAIRS,-0.008891530015625,0.3107695644299907,0.3108967376509842,-0.0025512132812499,0.3338648493622544,0.3338745967109317,-0.0147679681953124,0.1281019857409332,0.1289504231687047,-0.5210971456250001,0.7427339284534472,0.9073014513679636,0.2735791052343749,1.0350586477867918,1.070603535945526,-0.049268410359375,0.410312468661833,0.4132598434383717
9847,20,WALKING,1,3,WALKING_DOWNSTAIRS,0.43666666666666665,0.27666666666666667,0.2833333333333333,0.43666666666666665,0.0,0.0,0.0033333333333333335,WALKING,0.2833333333333333,WALKING_UPSTAIRS,0.0004186951015624,0.3141912560441777,0.3141915350231545,-0.02154885290625,0.3199435623552283,0.3206684208869483,-0.0071843060234375,0.1309635272035814,0.1311604350047742,-0.0915924548671874,0.7637138520524737,0.7691865999908121,0.0569169833593749,1.089274478018052,1.0907604830833535,0.0241007318515625,0.376532574929767,0.3773030946851901
9848,20,WALKING,1,2,WALKING_UPSTAIRS,0.38333333333333336,0.36333333333333334,0.38333333333333336,0.25333333333333335,0.0,0.0,0.0,WALKING,0.36333333333333334,WALKING,-0.0179224543515625,0.2988610336826973,0.2993979489306402,-0.011446183140625,0.3219566761365835,0.3221600788698154,0.0004369509023437,0.1269526282867482,0.1269533802425296,0.1176618376328124,0.7109665712481266,0.7206370608478637,-0.06058572375,1.018242826975562,1.0200436679914715,0.0300429571875,0.4008505599609157,0.4019748135114309
9856,20,WALKING,1,3,WALKING_DOWNSTAIRS,0.4533333333333333,0.29,0.25333333333333335,0.4533333333333333,0.0,0.0,0.0033333333333333335,WALKING,0.29,WALKING,0.0002671705015625,0.2833523356650773,0.2833524616214434,0.0083409682421874,0.2911077020894282,0.2912271724393251,0.0046216365289062,0.1272594350994597,0.1273433286279219,-0.121198106421875,0.7730657084799153,0.7825085115369682,0.0736344797578124,0.9554948003804876,0.958327892823407,0.0212698696328125,0.3920531389752794,0.39262968702655
9858,20,WALKING,1,2,WALKING_UPSTAIRS,0.5866666666666667,0.2733333333333333,0.5866666666666667,0.14,0.0,0.0,0.0,WALKING,0.2733333333333333,WALKING,-0.019137554871875,0.2861638708609337,0.2868030805144659,-0.0269888945914062,0.295637685602891,0.296867043606898,-0.0034041883007812,0.1266250038587466,0.1266707547155805,0.50342711359375,0.7273400711166598,0.8845690689557951,-0.19915147059375,0.9840442836559918,1.0039942531885766,0.0194049716015625,0.3495201380739671,0.350058394903054
9859,20,WALKING,1,2,WALKING_UPSTAIRS,0.5433333333333333,0.20666666666666667,0.5433333333333333,0.24666666666666667,0.0,0.0,0.0033333333333333335,WALKING,0.24666666666666667,WALKING_DOWNSTAIRS,-0.01042452925,0.2985771080483994,0.2987590337724194,0.01637633671875,0.283043706640372,0.2835170616965526,0.0110236167554687,0.1333129814464041,0.1337679750482182,0.37642519234375,0.7074553264233978,0.8013669348780654,-0.2054528221875,1.001752056037532,1.022603561464672,0.0371605698671875,0.3037513831870994,0.3060160302025536
9860,20,WALKING,1,2,WALKING_UPSTAIRS,0.5733333333333334,0.25,0.5733333333333334,0.17666666666666667,0.0,0.0,0.0,WALKING,0.25,WALKING,0.0169328640859375,0.2951622546278586,0.2956475578169954,0.00409350934375,0.3420491164240614,0.3420736103022689,0.0059006651921875,0.1339706716542675,0.1341005544850798,0.18784753625,0.7198515977672862,0.7439576733143559,-0.0919064314687499,1.0782860211999892,1.0821957011837662,-0.0072689391328124,0.4205025693578875,0.4205653912445738
9871,20,WALKING_DOWNSTAIRS,3,2,WALKING_UPSTAIRS,0.43333333333333335,0.14,0.43333333333333335,0.4266666666666667,0.0,0.0,0.0,WALKING_DOWNSTAIRS,0.4266666666666667,WALKING_DOWNSTAIRS,0.022465354640625,0.3278754262709799,0.3286441651870694,-0.0062887279531249,0.278847798012409,0.2789187024127957,-0.009242884140625,0.1238066839906877,0.124151221935215,-0.278797137140625,0.4991620035028635,0.5717434297119655,0.1349584923828125,0.59204428676302,0.6072316132704018,0.0378248011484375,0.6398075391669706,0.6409246467072501
9886,20,WALKING_DOWNSTAIRS,3,2,WALKING_UPSTAIRS,0.4766666666666667,0.19,0.4766666666666667,0.3333333333333333,0.0,0.0,0.0,WALKING_DOWNSTAIRS,0.3333333333333333,WALKING_DOWNSTAIRS,0.0358174390960937,0.3146750114131273,0.3167068861759311,0.0009370379609374,0.2642757262197588,0.2642773874343417,0.0086032949296874,0.1418412907984228,0.1421019650075604,-0.3486086945546874,0.4988544307159092,0.6085916241323217,0.21546384515625,0.6035130318759595,0.640821853726626,-0.0077533928124999,0.5875040629206976,0.5875552221267648
9889,20,WALKING_DOWNSTAIRS,3,1,WALKING,0.48333333333333334,0.48333333333333334,0.25333333333333335,0.2633333333333333,0.0,0.0,0.0,WALKING_DOWNSTAIRS,0.2633333333333333,WALKING_DOWNSTAIRS,0.0137491935867187,0.3073517857484154,0.3076591629173831,0.0225118535859374,0.2935941902470049,0.2944559934840335,-0.0081689106492187,0.1285010186082486,0.1287604088396444,0.0358852633593749,0.6441458323010493,0.645144639129229,-0.0242882773749999,0.7070976044537367,0.7075146236241749,0.0166413647507812,0.6034741300287342,0.6037035370400824
9892,20,WALKING_DOWNSTAIRS,3,2,WALKING_UPSTAIRS,0.5866666666666667,0.17666666666666667,0.5866666666666667,0.23,0.0,0.0,0.006666666666666667,WALKING_DOWNSTAIRS,0.23,WALKING_DOWNSTAIRS,-0.0255289974218749,0.306512995814129,0.307574293971909,0.0116509251015624,0.2244314435625947,0.224733657726902,0.004837069953125,0.1327487941884935,0.1328368909762286,0.4106495558046875,0.5205555507582148,0.6630317783543829,-0.0907887001953124,0.6031919521945874,0.6099861631836183,0.098165446259375,0.5361665281886809,0.5450788940962636
9898,20,WALKING_UPSTAIRS,2,1,WALKING,0.39,0.39,0.37666666666666665,0.23333333333333334,0.0,0.0,0.0,WALKING_UPSTAIRS,0.37666666666666665,WALKING_UPSTAIRS,-0.032153001359375,0.3047226784877814,0.3064143049552089,0.0060200567421874,0.2320021053521021,0.2320801972831526,0.0105866823414062,0.1430133371778418,0.1434046458582877,0.0082254672421874,0.646130502909802,0.6461828573258702,-0.025255613890625,0.8589457541830063,0.8593169698440768,-0.0511874430703124,0.6013751997179185,0.6035497371085856
9900,20,WALKING_UPSTAIRS,2,3,WALKING_DOWNSTAIRS,0.47333333333333333,0.12666666666666668,0.4,0.47333333333333333,0.0,0.0,0.0,WALKING_UPSTAIRS,0.4,WALKING_UPSTAIRS,0.0010992987109374,0.3332854951559605,0.3332873080976977,-0.0173679855671875,0.2058489642886103,0.206580354877601,-0.0207942147476562,0.1442082018782936,0.1456997078100788,-0.33725549734375,0.3579140284164219,0.4917760895223063,0.1670848039843749,0.8565348555920037,0.8726793744362884,0.0102906610781249,0.6513266224712234,0.6514079112546888
9904,20,WALKING_UPSTAIRS,2,1,WALKING,0.43333333333333335,0.43333333333333335,0.3466666666666667,0.22,0.0,0.0,0.0,WALKING_UPSTAIRS,0.3466666666666667,WALKING_UPSTAIRS,0.0256448129546875,0.2807544539232242,0.2819232516647194,0.026013531140625,0.2231794855593129,0.2246904238656464,0.0148921109609375,0.1371789593954449,0.137984933488008,0.0208199089093749,0.4291605227434766,0.4296652451484163,-0.03442151421875,0.7382439443743444,0.7390459810096403,0.0429524413460937,0.5722016312569684,0.5738114838783948
9913,20,WALKING_UPSTAIRS,2,3,WALKING_DOWNSTAIRS,0.5066666666666667,0.12333333333333334,0.36666666666666664,0.5066666666666667,0.0,0.0,0.0033333333333333335,WALKING_UPSTAIRS,0.36666666666666664,WALKING_UPSTAIRS,0.0327687246015624,0.3350887849955525,0.3366872185602071,0.01766555421875,0.242348292696303,0.2429912895119258,0.0003156894531249,0.1525511509723092,0.1525514776159415,0.3441176108984375,0.5611843171293547,0.6582892737409508,-0.1684525604765625,0.7648358410987303,0.7831667312650047,0.0762172064609374,0.6635843278302727,0.6679470208801473
9914,20,WALKING_UPSTAIRS,2,3,WALKING_DOWNSTAIRS,0.8133333333333334,0.08333333333333333,0.10333333333333333,0.8133333333333334,0.0,0.0,0.0,WALKING_UPSTAIRS,0.10333333333333333,WALKING_UPSTAIRS,0.018047619546875,0.3686272939509739,0.3690688261245136,0.01447750271875,0.2236958792313095,0.2241638786023297,-0.0212858426562499,0.1585013619709451,0.1599242597113746,0.1730832307421875,0.5271975438493582,0.5548829200876066,-0.1229094171875,0.8562108998177708,0.864987762803687,0.027082157734375,0.6943756699115161,0.6949036006761056
9915,20,WALKING_UPSTAIRS,2,3,WALKING_DOWNSTAIRS,0.9066666666666666,0.07666666666666666,0.016666666666666666,0.9066666666666666,0.0,0.0,0.0,WALKING_UPSTAIRS,0.07666666666666666,WALKING,-0.0038470897656249,0.3735780256061303,0.3735978336599924,-0.0146329546484374,0.2200018578540873,0.2204879607166643,-0.016918880890625,0.1416080900334651,0.1426152155049282,-0.00046731796875,0.5804835436616181,0.580483731768629,-0.019221633203125,0.8729965241399154,0.8732081094122807,0.007724875703125,0.6421088484753792,0.642155313763739
9916,20,WALKING_UPSTAIRS,2,3,WALKING_DOWNSTAIRS,0.6133333333333333,0.12666666666666668,0.26,0.6133333333333333,0.0,0.0,0.0,WALKING_UPSTAIRS,0.26,WALKING_UPSTAIRS,0.0150320356874999,0.3356302106046397,0.3359666655598812,-0.0240523913359375,0.2123822843829273,0.2137399173029869,0.003159599578125,0.1274741443068324,0.1275132955273811,-0.354800899921875,0.3432139201018809,0.4936390113606022,0.27467505734375,0.7100878290490189,0.7613613544765331,0.033042444734375,0.6392644824553767,0.6401178654614826
9932,24,STANDING,5,4,SITTING,0.41,0.0,0.0,0.0,0.41,0.21666666666666667,0.37333333333333335,STANDING,0.37333333333333335,LAYING,-0.0003152869024218,0.0038594572596335,0.0038723140587737,0.0014097215003906,0.0043302558589837,0.0045539466963202,0.002360611303125,0.0063058338063589,0.0067332032286171,0.0018742141179687,0.0133118006581466,0.01344309173227,0.0047815850698437,0.0123696766592775,0.0132616913112629,-0.0055018125730468,0.0068768826598903,0.0088068982455139
9972,24,SITTING,4,5,STANDING,0.56,0.0,0.0,0.0,0.4166666666666667,0.56,0.023333333333333334,SITTING,0.4166666666666667,SITTING,-0.00083186517625,0.0032799900958011,0.0033838343192318,0.0029333138421875,0.0105324125073347,0.0109332540133955,0.0031303556749218,0.0088384263239818,0.0093764015771494,-0.0170733261007812,0.0259170590818677,0.0310353413964892,0.0065467770070312,0.0290849906915884,0.0298126981789568,-0.0136358296767968,0.0333897136200785,0.0360667274174615
10036,24,WALKING,1,2,WALKING_UPSTAIRS,0.6266666666666667,0.33,0.6266666666666667,0.04,0.0033333333333333335,0.0,0.0,WALKING,0.33,WALKING,0.0047308597578125,0.175358119614351,0.1754219232271985,0.0026419976132812,0.1454380948652097,0.1454620898702144,0.004273496728125,0.1299376034805313,0.1300078596568264,-0.372751963328125,0.3814958001727979,0.5333695451696274,0.05197291684375,0.3153042543775811,0.3195590038065736,0.0529680134921875,0.3060579053301075,0.3106075528192474
10058,24,WALKING_DOWNSTAIRS,3,2,WALKING_UPSTAIRS,0.55,0.09,0.55,0.36,0.0,0.0,0.0,WALKING_DOWNSTAIRS,0.36,WALKING_DOWNSTAIRS,-0.028791261796875,0.271747771386238,0.2732687102638048,-0.0011678977968749,0.1485291729614098,0.1485337645313831,0.0039009115867187,0.1371217099867548,0.1371771863718567,-0.46264159984375,0.4203659137984149,0.6250957937704915,0.0531074332078125,0.3376671527799071,0.3418179420808852,0.1233479748281249,0.2312833886211987,0.2621196840115297
10059,24,WALKING_DOWNSTAIRS,3,2,WALKING_UPSTAIRS,0.6766666666666666,0.18666666666666668,0.6766666666666666,0.13666666666666666,0.0,0.0,0.0,WALKING_DOWNSTAIRS,0.18666666666666668,WALKING,-0.0163671701249999,0.2496006985703993,0.2501367485691217,0.0002442005703125,0.1721441789167532,0.1721443521258879,-0.0052367373078124,0.1214649458829475,0.1215777796144443,-0.403414976875,0.4142448171608124,0.5782234966789672,0.0624736304882812,0.3606410201606614,0.3660121581708849,0.084431671796875,0.2610951588280065,0.2744073416762699
10060,24,WALKING_DOWNSTAIRS,3,1,WALKING,0.5633333333333334,0.5633333333333334,0.3333333333333333,0.10333333333333333,0.0,0.0,0.0,WALKING_DOWNSTAIRS,0.3333333333333333,WALKING_UPSTAIRS,0.0110666069062499,0.2862628743609632,0.2864767059043685,0.0021180109679687,0.173133889263361,0.1731468439848621,-0.0045637778625,0.1545587328500794,0.1546260973076681,0.039278623984375,0.4751905991268532,0.4768111951293128,-0.0015045220976562,0.4044417239731423,0.4044445223724878,-0.0214243561953124,0.2764755930291773,0.2773044474566157
10061,24,WALKING_DOWNSTAIRS,3,2,WALKING_UPSTAIRS,0.43,0.17333333333333334,0.43,0.39666666666666667,0.0,0.0,0.0,WALKING_DOWNSTAIRS,0.39666666666666667,WALKING_DOWNSTAIRS,0.0178442161796874,0.3196651595727051,0.3201628184154282,0.0157766359976562,0.1833475089308673,0.18402502893508,-0.015195130425,0.2101902773426396,0.2107388067680191,0.0842827784765625,0.6163599357355675,0.6220957780982622,0.0199881988593749,0.5036306822277374,0.5040271740440372,-0.0270609255937499,0.3191310839849291,0.3202763532629069
10068,24,WALKING_DOWNSTAIRS,3,2,WALKING_UPSTAIRS,0.48333333333333334,0.10333333333333333,0.48333333333333334,0.41333333333333333,0.0,0.0,0.0,WALKING_DOWNSTAIRS,0.41333333333333333,WALKING_DOWNSTAIRS,-0.01963298303125,0.2638719287056741,0.2646013015492511,0.0405620776640625,0.1516275280928608,0.1569591966721821,0.0208815349453125,0.1212181049646034,0.1230035262619813,-0.2537533311796875,0.5191652635825134,0.5778609902004882,-0.0001400828906249,0.3836301583702912,0.3836301839459859,0.0460518984375,0.2367019990342528,0.2411402365772025
10069,24,WALKING_DOWNSTAIRS,3,2,WALKING_UPSTAIRS,0.61,0.19666666666666666,0.61,0.19333333333333333,0.0,0.0,0.0,WALKING_DOWNSTAIRS,0.19666666666666666,WALKING,0.0117412846015625,0.2305878746671991,0.2308866079001353,-0.0005952095,0.1749026591503959,0.1749036719232288,-0.0017007153203125,0.132370411008626,0.1323813360832762,-0.5159557467265625,0.4443204319843218,0.6809045299150969,0.040360129609375,0.4445809017644987,0.446409137760217,0.1233337480234375,0.2137718498989822,0.2467987382681316
10073,24,WALKING_DOWNSTAIRS,3,2,WALKING_UPSTAIRS,0.6233333333333333,0.1,0.6233333333333333,0.27666666666666667,0.0,0.0,0.0,WALKING_DOWNSTAIRS,0.27666666666666667,WALKING_DOWNSTAIRS,-0.0052097818124999,0.3066160394422882,0.306660296533165,-0.0038767735351562,0.1586462623109076,0.1586936228027585,0.0123938291390625,0.1668413540472341,0.1673010592346707,0.232117424375,0.6209244482840104,0.6628918985590988,-0.0282356720625,0.412346970934924,0.4133125664869483,-0.050352906984375,0.317934879200896,0.3218975033364898
10076,24,WALKING_UPSTAIRS,2,1,WALKING,0.6,0.6,0.3933333333333333,0.0033333333333333335,0.0,0.0,0.0033333333333333335,WALKING_UPSTAIRS,0.3933333333333333,WALKING_UPSTAIRS,-0.009827570609375,0.2281703088162044,0.2283818534152054,-0.019803659765,0.1589889889859455,0.1602176131355756,-0.0515839010734375,0.1347462591049608,0.1442825463898369,-0.0092681267031249,0.2789588535918883,0.2791127732116281,-0.0031595183640624,0.3321531208110727,0.3321681475109074,-0.0279812198320312,0.3415102084670744,0.3426545945270734
10077,24,WALKING_UPSTAIRS,2,1,WALKING,0.88,0.88,0.11333333333333333,0.006666666666666667,0.0,0.0,0.0,WALKING_UPSTAIRS,0.11333333333333333,WALKING_UPSTAIRS,0.0041943018046875,0.2251558519201791,0.2251949151768984,-0.010531664271875,0.1544047752558914,0.1547635311504549,-0.0090957562171875,0.126246229826717,0.1265734700741934,-0.0083992362265624,0.2623774303673032,0.2625118342767401,0.0073205016437499,0.3129028264922167,0.3129884479835229,-0.0215270992265624,0.3630352468326379,0.3636729388392057
10090,24,WALKING_UPSTAIRS,2,1,WALKING,0.53,0.53,0.43,0.016666666666666666,0.0,0.0033333333333333335,0.02,WALKING_UPSTAIRS,0.43,WALKING_UPSTAIRS,-0.0158835527421875,0.1944127229740803,0.1950604883155745,0.0136734994015624,0.1447360026220399,0.1453804493076413,0.02328948618125,0.1151222857007067,0.1174544202298993,-0.1734264056125,0.3228589177003304,0.3664895617917379,0.0076406135859374,0.2336420216498006,0.2337669207920049,0.0103117389921875,0.3321920508178305,0.3323520581967247
10091,24,WALKING_UPSTAIRS,2,1,WALKING,0.57,0.57,0.41333333333333333,0.013333333333333334,0.0,0.0,0.0033333333333333335,WALKING_UPSTAIRS,0.41333333333333333,WALKING_UPSTAIRS,-0.0222840403671875,0.1938663954952645,0.1951429162368256,-0.0289519807664062,0.1491315518537586,0.1519158877425552,0.0059732060898437,0.1235799200477687,0.1237241925817447,0.03775488595,0.4142387474752722,0.4159557324078847,-0.0109576838828125,0.2723550594753925,0.2725754010506455,-0.0042485190859375,0.3516435276057593,0.3516691917433854
10092,24,WALKING_UPSTAIRS,2,1,WALKING,0.7066666666666667,0.7066666666666667,0.27666666666666667,0.013333333333333334,0.0,0.0,0.0033333333333333335,WALKING_UPSTAIRS,0.27666666666666667,WALKING_UPSTAIRS,0.0142036893828125,0.2111204990714719,0.2115977549981824,-0.0287456365429687,0.1388476607715291,0.141792046751523,0.00311149383125,0.1359340208357682,0.1359696268084934,0.004464393828125,0.4394726937635058,0.4394953690040485,0.0074331425546874,0.3029373711369123,0.3030285505353937,0.031743206546875,0.3219910885678783,0.3235519931618485
10102,24,WALKING_UPSTAIRS,2,1,WALKING,0.64,0.64,0.35333333333333333,0.0,0.0,0.0,0.006666666666666667,WALKING_UPSTAIRS,0.35333333333333333,WALKING_UPSTAIRS,0.0054912718203125,0.2083905093520956,0.2084628466999106,-0.0220518175546875,0.159937840836314,0.1614509076742752,0.0076564221328125,0.154177388185044,0.1543673794149449,-0.026046364703125,0.4553666613535917,0.4561109617040187,0.0396063560390625,0.3351208129017282,0.3374531414561258,0.0057893765156249,0.4077892029743727,0.4078302967447537
10125,24,STANDING,5,4,SITTING,0.45666666666666667,0.0,0.0,0.0,0.45666666666666667,0.4266666666666667,0.11666666666666667,STANDING,0.4266666666666667,STANDING,0.0048360692261796,0.0142888991094372,0.0150850987176113,0.0093287662052343,0.0218733721303277,0.0237796191572472,-0.0097961236773437,0.0305633850752494,0.0320949302283054,-0.0135653687507812,0.0147601526885164,0.0200469782444385,0.0470562176562499,0.0136328899786868,0.0489912574780782,-0.063754103140625,0.0268368645348838,0.0691722702051129
10128,24,STANDING,5,4,SITTING,0.64,0.0,0.0,0.0,0.64,0.31333333333333335,0.04666666666666667,STANDING,0.31333333333333335,STANDING,0.0005381530842734,0.0035358528668661,0.0035765715759982,-0.0017693380984374,0.01108043659754,0.0112208124705248,0.0026229036297656,0.0124695893078228,0.0127424597686949,-0.0013101616960156,0.014572734355526,0.0146315108675226,-0.0113711719276562,0.0147236307557672,0.0186034634850742,0.0146310725257812,0.0122421118785113,0.0190771482800931
10129,24,STANDING,5,4,SITTING,0.46,0.0,0.0,0.0,0.46,0.44,0.1,STANDING,0.44,STANDING,-0.0015302582707265,0.0030888530223331,0.0034471297290214,-0.0077179889726562,0.0041450221519879,0.0087606256867026,-0.0092745536592968,0.0064696731489575,0.0113081393798236,0.0029824319774218,0.0117044745452501,0.0120784777550963,-0.016659368578125,0.0092232590209559,0.019042139280802,0.0124062119777343,0.0097536640528637,0.0157812565435267
10137,24,STANDING,5,6,LAYING,0.43333333333333335,0.0,0.0,0.0,0.17333333333333334,0.3933333333333333,0.43333333333333335,STANDING,0.3933333333333333,STANDING,-0.0008223047018726,0.0038404215975968,0.0039274703143384,0.0022601742101562,0.0054303177763702,0.0058818992351636,-0.0052154451049218,0.0063489882558011,0.0082164785349171,-0.008534167790625,0.0197891520846957,0.0215509294488604,0.0025514350796875,0.0107247755946145,0.0110240932743105,-0.0026186764828125,0.008471906440068,0.0088673933740926
10140,24,STANDING,5,6,LAYING,0.46,0.0,0.0,0.0,0.13333333333333333,0.4066666666666667,0.46,STANDING,0.4066666666666667,STANDING,-0.0011359477577109,0.0048028158993023,0.0049353234818843,0.0006228083398437,0.0098365387906381,0.009856235874202,-0.0032918107054687,0.010121651177494,0.0106434881631683,0.0060042777458593,0.0250399065539139,0.0257497237165404,-0.0072816314382812,0.0113857246203999,0.0135150612848979,0.003902405488125,0.0082885402725753,0.0091612591079966
10146,24,SITTING,4,6,LAYING,0.5566666666666666,0.0,0.0,0.0,0.3466666666666667,0.09666666666666666,0.5566666666666666,SITTING,0.3466666666666667,SITTING,-0.0013239335729687,0.0031475063083239,0.0034146150685799,0.0007811143975624,0.0039906836418707,0.0040664106570259,0.0021485490054687,0.0048110893817914,0.005269045821445,-0.0022576155468906,0.0051306912219775,0.0056054277600233,0.008049862246875,0.0092609660648648,0.0122705246280769,-0.0042365921882812,0.0051117839634544,0.0066392054237563
10157,24,SITTING,4,5,STANDING,0.59,0.0,0.0,0.0,0.3933333333333333,0.59,0.016666666666666666,SITTING,0.3933333333333333,SITTING,0.000792621374375,0.0046130825263732,0.0046806814715644,-0.0044218775947921,0.0130126615706718,0.0137434479886294,0.0082858497921875,0.0106574804804559,0.0134995258053752,-0.052315433925,0.0346495821534209,0.0627494874096012,0.0380794627546875,0.032150577375409,0.0498367847002371,-0.0081260825078125,0.0448018565701343,0.0455328405555228
10225,24,WALKING,1,2,WALKING_UPSTAIRS,0.58,0.4033333333333333,0.58,0.016666666666666666,0.0,0.0,0.0,WALKING,0.4033333333333333,WALKING,-0.0034617836875,0.1611588465574187,0.1611960228107898,-0.025557164015625,0.1316184754714484,0.1340768127528016,0.0014767562796874,0.1342911526413368,0.1342992721009626,-0.4584715475,0.3342583230520603,0.5673841612140933,0.0884482867265625,0.3856409518671542,0.3956539437208594,0.068396823028125,0.301234360507266,0.3089017082350989
10226,24,WALKING,1,2,WALKING_UPSTAIRS,0.51,0.43333333333333335,0.51,0.05333333333333334,0.0,0.0,0.0033333333333333335,WALKING,0.43333333333333335,WALKING,-0.003913179859375,0.1678161173712476,0.1678617354437043,0.0053393783749999,0.1283901358105249,0.1285011125822514,0.0047168260242187,0.1306215644092354,0.1307067004267906,-0.2257531365390624,0.3342452024878949,0.4033414608534542,0.029095825984375,0.3996322145861086,0.4006899974103554,0.0448222984109375,0.2984812284952184,0.3018279016241771
10252,24,WALKING_DOWNSTAIRS,3,2,WALKING_UPSTAIRS,0.5766666666666667,0.08,0.5766666666666667,0.34,0.0,0.0,0.0033333333333333335,WALKING_DOWNSTAIRS,0.34,WALKING_DOWNSTAIRS,-0.0025746674296874,0.3125395976149637,0.3125502023510735,0.0043582220164062,0.1664639242430393,0.1665209661680372,-0.0075892688835937,0.1543806446091298,0.1545670742173699,-0.3908889423046875,0.3359304181364938,0.5154060642303667,0.062264681515625,0.353686762046175,0.3591256273380526,0.0609050989921875,0.2086016161669692,0.2173109876437906
10255,24,WALKING_DOWNSTAIRS,3,2,WALKING_UPSTAIRS,0.6066666666666667,0.14666666666666667,0.6066666666666667,0.24666666666666667,0.0,0.0,0.0,WALKING_DOWNSTAIRS,0.24666666666666667,WALKING_DOWNSTAIRS,0.0068744321875,0.3084618491257295,0.3085384419873233,-0.0026437344492187,0.1804231444181626,0.1804425126559014,0.012013990421875,0.1506070566347788,0.1510854773763792,0.1952355995421875,0.4907871184957701,0.5281940315925375,-0.036364415,0.3914675245285748,0.3931528881221942,-0.0174070429140624,0.262140932190859,0.2627182397034978
10256,24,WALKING_DOWNSTAIRS,3,2,WALKING_UPSTAIRS,0.37333333333333335,0.31,0.37333333333333335,0.31666666666666665,0.0,0.0,0.0,WALKING_DOWNSTAIRS,0.31666666666666665,WALKING_DOWNSTAIRS,0.03037461489375,0.2774972561893766,0.2791546962216042,0.0009376855976562,0.1760027183133994,0.1760052161385732,-0.0057716391328124,0.1373837694602274,0.1375049523812882,-0.0758456723203125,0.5459662335559412,0.5512093016205194,0.0425922221953125,0.4391285839313359,0.4411893138065281,0.0066588058828125,0.2125180856223051,0.212622379848299
10257,24,WALKING_DOWNSTAIRS,3,2,WALKING_UPSTAIRS,0.36666666666666664,0.36333333333333334,0.36666666666666664,0.27,0.0,0.0,0.0,WALKING_DOWNSTAIRS,0.36333333333333334,WALKING,0.01633066501875,0.2723855514306412,0.2728746584938387,-0.001077245328125,0.161645049457545,0.1616486389414682,-0.0109547490312499,0.1370254652269185,0.1374626663752421,0.0133033741015624,0.5916858327346401,0.5918353693565218,0.0010574268531249,0.4134741560297135,0.4134755081695088,-0.0371036435,0.2194721812810599,0.2225864297688462
10258,24,WALKING_DOWNSTAIRS,3,2,WALKING_UPSTAIRS,0.5866666666666667,0.06333333333333334,0.5866666666666667,0.35,0.0,0.0,0.0,WALKING_DOWNSTAIRS,0.35,WALKING_DOWNSTAIRS,-0.0001151202656249,0.3154342105340307,0.3154342315410658,0.0063487063124999,0.1543342805928549,0.1544648058230627,0.0055989398671875,0.1519385593645353,0.1520416849071556,0.419653517203125,0.4199532746220178,0.5936916938670352,-0.0746397286546874,0.3585419976006532,0.3662286896696,-0.0451235494296875,0.2458821793574629,0.2499883614065043
10259,24,WALKING_DOWNSTAIRS,3,2,WALKING_UPSTAIRS,0.51,0.14,0.51,0.34,0.0,0.0,0.01,WALKING_DOWNSTAIRS,0.34,WALKING_DOWNSTAIRS,0.0023662659140624,0.3138675497629807,0.313876469345176,0.0023420158593749,0.1555933181984498,0.1556109434014511,-0.0058512424367187,0.1529797821434606,0.1530916417794058,0.3053806151328125,0.389082899374876,0.4946138116600211,-0.0692453457578125,0.4010760974992993,0.407009771251731,-0.001051736375,0.2525864110178087,0.2525886006538298
10265,24,WALKING_UPSTAIRS,2,1,WALKING,0.6833333333333333,0.6833333333333333,0.21666666666666667,0.09,0.01,0.0,0.0,WALKING_UPSTAIRS,0.21666666666666667,WALKING_UPSTAIRS,-0.0172713110546875,0.2097062257499688,0.2104162524707743,0.0316208132398437,0.1424453249159755,0.1459128041686778,-0.0152045499070312,0.1348473017892137,0.1357017801567345,-0.0404315603671874,0.4716943950591082,0.4734240312910865,0.0087281729375,0.2816168789035459,0.2817521028957926,0.0114308311249999,0.3433081642607949,0.3434984127304305
10276,24,WALKING_UPSTAIRS,2,1,WALKING,0.6733333333333333,0.6733333333333333,0.31333333333333335,0.013333333333333334,0.0,0.0,0.0,WALKING_UPSTAIRS,0.31333333333333335,WALKING_UPSTAIRS,0.0164291971859374,0.2232631034369328,0.2238667726047458,-0.0144036012757812,0.1624303930641445,0.1630677660381848,-0.007011260375,0.1511410133395941,0.1513035481585459,0.0932820207421874,0.4208969931607312,0.4311099792923965,0.0006168110156249,0.3732147621152343,0.3732152718158247,0.01534452046875,0.40921087992246,0.4094984719816789
10281,24,WALKING_DOWNSTAIRS,3,2,WALKING_UPSTAIRS,0.46,0.08,0.46,0.45666666666666667,0.0,0.0,0.0033333333333333335,WALKING_DOWNSTAIRS,0.45666666666666667,WALKING_DOWNSTAIRS,0.0048605781701562,0.3068622907199895,0.3069007831304241,-0.0067642084921875,0.1460653998833272,0.1462219393921516,-0.0039726207820312,0.1364954003211578,0.1365531985151243,-0.344484540375,0.4055424552125942,0.5321036379665469,0.0610464655625,0.3589476334573959,0.3641017365000318,0.0888205741171875,0.2199490715210421,0.2372060042441491
10286,24,WALKING_DOWNSTAIRS,3,2,WALKING_UPSTAIRS,0.64,0.14666666666666667,0.64,0.21333333333333335,0.0,0.0,0.0,WALKING_DOWNSTAIRS,0.21333333333333335,WALKING_DOWNSTAIRS,0.01101870796875,0.3030367024395327,0.3032369617159598,-0.024568547453125,0.1985063545979418,0.2000209647504988,-0.0029815629140625,0.1253512832523429,0.1253867374582321,-0.141048116171875,0.5566148763785954,0.574207881939628,0.0252599093828124,0.4253362015908602,0.4260856104185739,0.0163161650390625,0.2629938205862859,0.2634994628232731
10287,24,WALKING_DOWNSTAIRS,3,2,WALKING_UPSTAIRS,0.53,0.13,0.53,0.33666666666666667,0.0,0.0,0.0033333333333333335,WALKING_DOWNSTAIRS,0.33666666666666667,WALKING_DOWNSTAIRS,-0.0010957298359375,0.3015619063951266,0.3015638970641818,0.0050137654140624,0.1728190893566505,0.1728918028412255,0.0117816823671875,0.1417706654057157,0.1422593744151179,0.2972495565,0.5201665164020671,0.5991080901017017,-0.054110147609375,0.4080474385131659,0.4116195089539176,-0.0448591725546875,0.2805255031482389,0.2840896043132586
10295,24,WALKING_UPSTAIRS,2,1,WALKING,0.62,0.62,0.37666666666666665,0.0033333333333333335,0.0,0.0,0.0,WALKING_UPSTAIRS,0.37666666666666665,WALKING_UPSTAIRS,0.0176835583359375,0.2262110938328327,0.2269012278690161,-0.0115790722453124,0.1766776058783378,0.177056633123313,0.0007903529674218,0.1469703122403498,0.1469724373406083,0.092596756484375,0.4665862887765831,0.4756857409947577,0.0140789255937499,0.3694247199324255,0.3696928993678745,0.0120655656874999,0.4171440903586099,0.4173185473909248
